name,sum
국회|국회의원|김병관,167885638
국회|국회의원|김세연,155885326
국회|국회의원|안철수,119553224
국회|국회의원|박덕흠,50762726
국회|국회의원|박정,22992983
국회|국회의원|성일종,21523444
교육부서울대학교치과병원|병원장|허성주,20762055
국회|국회의원|최교일,20132673
인천광역시중구|구청장|김홍섭,19451833
미래창조과학부한국기계연구원|원장|임용택,17953663
국회|국회의원|윤상현,16791664
미래창조과학부한국원자력의학원|원장|최창운,16616684
서울고등법원|부장판사|최상열,15818964
서울고등법원|부장판사|김동오,15714982
부산광역시의회|의장|백종헌,15271602
서울특별시의회|의원|이종필,14917315
대전고등법원|부장판사|윤승은,14245564
국회|국회의원|김무성,14161863
국회|국회의원|강석호,13904477
대구광역시의회|의원|조성제,13669240
서울특별시의회|의원|성중기,13056023
경기도의회|의원|이현호,12937418
서울특별시의회|의원|이복근,12921017
서울고등법원|부장판사|김용대,12880214
서울고등법원|부장판사|조경란,12870065
대통령비서실|국정과제비서관|이련주,10119496
금융위원회|상임위원|김학균,9768921
수원지방법원성남지원|원로법관|심상철,9574925
경상북도의회|의원|김수문,9209558
보건복지부질병관리본부|본부장|정기석,9067187
경상북도|경제부지사|정병윤,8872381
국회|국회의원|김종인,8653887
부산광역시의회|의원|김병환,8582374
국회|국회의원|김삼화,8571886
국회|국회의원|이은재,8471154
부산광역시의회|의원|박재본,8192818
경상북도의회|의원|박영서,8070399
서울특별시종로구|구청장|김영종,7792876
전라남도의회|의장|임명규,7717217
국회|국회의원|장병완,7604065
경기도의회|의원|공영애,7563448
국회|국회의원|홍문종,7528949
한국은행금융통화위원회|위원|함준호,7380931
전라북도고창군|군수|박우정,7357954
전라북도의회|의원|장명식,7275095
울산광역시|시장|김기현,7153274
대전광역시의회|의원|박희진,7086385
전라남도의회|의원|정연선,6981505
한국은행금융통화위원회|위원|신인석,6971316
산업통상자원부한국석유공사|상임감사위원|변윤성,6950228
충청남도의회|의원|신재원,6904581
국회|국회의원|김종석,6825510
미래창조과학부기초과학연구원|원장|김두철,6765863
국회|국회의원|정우택,6746530
부산고등법원|부장판사|권순형,6730914
전라남도의회|의원|명현관,6643570
충청북도의회|의원|최병윤,6616383
전라북도의회|의원|최훈열,6596532
국회|국회의원|이혜훈,6596218
충청남도의회|의원|김동욱,6594745
국토교통부교통안전공단|이사장|오영태,6569381
국민안전처|특수재난실장|김경수,6511810
경상남도양산시|시장|나동연,6503919
서울고등법원|부장판사|김우진,6482421
공정거래위원회한국소비자원|원장|한견표,6474837
서울고등법원|부장판사|김문석,6395762
외교부|국무총리외교보좌관|장호진,6332396
서울특별시의회|의원|김동승,6231942
국회|국회의원|여상규,6195798
국회|국회의원|김광림,6181890
산업통상자원부(주)강원랜드|대표이사|함승희,6179751
서울특별시의회|의원|남창진,6174379
교육부국립대학법인인천대학교|총장|조동성,6152212
국회|국회의원|배덕광,6127613
전라남도의회|의원|정정희,6060950
경찰청|치안감|최현락,6021479
국회|국회의원|정진석,5989542
충청남도의회|의원|정정희,5947726
대통령비서실|대변인|정연국,5910895
국회|국회의원|신용현,5899930
경상남도의회|의원|류순철,5891405
국회|국회의원|홍철호,5867630
국회|국회의원|금태섭,5758929
국회|국회부의장|심재철,5754514
울산광역시의회|의원|김종무,5746734
교육부서울과학기술대학교|부총장|김연태,5720118
국회|국회의원|정유섭,5687187
세종특별자치시의회|의원|김정봉,5600669
금융위원회한국산업은행|회장|이동걸,5599117
국회|국회의원|지상욱,5584057
국회|국회의원|이완영,5576301
서울가정법원|법원장|성백현,5573342
제주특별자치도의회|의원|김영보,5493064
감사원|제2사무차장|신민철,5434413
보건복지부한국건강증진개발원|원장|정기혜,5420434
산업통상자원부한국석유공사|사장|김정래,5416406
충청남도의회|의원|김원태,5330963
서울특별시의회|부의장|김진수,5209617
부산광역시해운대구|구청장|백선기,5181416
서울고등법원|부장판사|강승준,5138193
국회|국회의원|진영,5111303
대검찰청광주고등검찰청|차장검사|양부남,5092901
국회|국회의원|주승용,5088998
교육부충북대학교병원|병원장|조명찬,5066541
국회|국회의원|최경환,5037551
국회|국회의원|박성중,5027154
서울남부지방법원|법원장|이균용,5001146
대검찰청서울중앙지방검찰청|제1차장검사|노승권,4967626
서울특별시의회|의원|주찬식,4921605
국회|국회의원|김병욱,4839855
국회|국회의원|유승민,4836121
대법원|대법관|김용덕,4827564
법무부|감찰관|장인종,4802747
경기도의회|의원|이은주,4776803
전라남도무안군|군수|김철주,4734526
부산광역시의회|의원|안재권,4726757
사법정책연구원|수석연구위원|강영수,4672810
서울고등법원|부장판사|김시철,4669786
국토교통부한국도로공사|사장|김학송,4668073
인천광역시의회|의원|정창일,4665279
해양수산부수산업협동조합중앙회|회장|김임권,4642331
국회|국회의원|홍일표,4631671
해양수산부국립해양생물자원관|관장|김상진,4622285
보건복지부국민건강보험공단|이사장|성상철,4598228
국회|국회의원|손혜원,4585362
서울고등법원|부장판사|김흥준,4576063
교육부제주대학교|총장|허향진,4544097
대검찰청|공안부장|정점식,4519877
국회|국회의원|안규백,4512149
교육부전남대학교병원|병원장|윤택림,4482091
경상북도의회|의원|황병직,4475306
서울특별시|경제진흥본부장|서동록,4469470
경기도의회|의원|박재순,4454913
헌법재판소|사무차장|김헌정,4454218
경상남도함양군|군수|임창호,4450148
경상남도의령군|군수|오영호,4433386
부산광역시|시장|서병수,4409728
미래창조과학부|기획조정실장|민원기,4397190
울산광역시교육청|교육감|김복만,4383237
법무부|기획조정실장|권익환,4370741
국회|국회의원|이학재,4364405
국회|국회의원|박주현,4354367
대전지방법원|법원장|안철상,4342873
국민권익위원회|위원장|성영훈,4309481
서울고등법원|부장판사|이승련,4299461
경기도의회|의원|조재욱,4290202
전라남도의회|의원|김연일,4273268
인천광역시남동구|구청장|장석현,4216553
법원행정처|사법지원실장|홍승면,4215362
미래창조과학부한국전자통신연구원|원장|이상훈,4208473
대법원|대법원장|양승태,4190452
식품의약품안전처식품의약품안전평가원|원장|손여원,4179208
국회|국회의원|오세정,4165440
헌법재판소|사무처장|김용헌,4163561
한국은행|감사|하성,4162827
보건복지부한국보육진흥원|원장|서문희,4127565
경기도의회|의원|박광서,4116093
부산광역시강서구|구청장|노기태,4087781
서울특별시서울시립대학교|총장|원윤희,4086118
금융위원회주택금융공사|사장|김재천,4080251
강원도고성군|군수|윤승근,4079143
울산광역시의회|의원|송해숙,4072658
금융위원회|부위원장|정은보,4061929
국회|국회의원|최운열,4055195
국회|국회의원|신경민,4052252
국회|국회의장|정세균,4042430
법무부한국법무보호복지공단|이사장|구본민,4041047
경상남도의회|의원|최학범,4038703
광주광역시|경제부시장|김종식,4037025
제주특별자치도의회|의원|고충홍,4035897
경기도|도지사|남경필,4027618
국회|국회의원|박병석,4015358
기획재정부한국조폐공사|상임감사|안광복,4007743
강원도의회|의원|김기홍,3973559
서울고등법원|부장판사|함상훈,3953911
방송통신위원회한국교육방송공사|사장|우종범,3948817
경상북도의회|의원|이운식,3928251
부산고등법원|부장판사|김주호,3922480
부산광역시의회|의원|전봉민,3898295
강원도의회|의원|이정동,3889808
대구광역시의회|의원|이동희,3863109
전라남도순천시|시장|조충훈,3859405
서울고등법원|부장판사|김기정,3830193
인천광역시의회|의원|황인성,3803305
미래창조과학부|장관|최양희,3780223
경상북도예천군|군수|이현준,3753878
-|대통령|박근혜,3738208
세종특별자치시|시장|이춘희,3726692
외교부|제1차관|임성남,3724518
서울특별시의회|의원|유청,3708734
전라북도의회|의원|김영배,3689810
방송통신위원회|위원장|최성준,3677938
대검찰청서울남부지방검찰청|검사장|김진모,3675716
부산고등법원|법원장|황한식,3658561
충청남도의회|의원|김종필,3657969
보건복지부국립암센터|원장|이강현,3657473
서울고등법원|부장판사|김재호,3650048
국회|국회의원|나경원,3650048
대전광역시|시장|권선택,3631025
행정자치부지방행정연수원|원장|주낙영,3630008
중소기업청한국벤처투자(주)|사장|조강래,3627572
대구광역시의회|의원|배지숙,3613181
서울특별시의회|의원|우미경,3599659
부산광역시의회|의원|최영규,3598486
부산광역시의회|의원|정명희,3584158
경기도의회|의원|명상욱,3567523
국회|국회의원|정성호,3563842
기획재정부|제2차관|송언석,3539921
국회|국회의원|박영선,3537990
대전광역시의회|의원|최선희,3526423
국회|국회의원|권성동,3522597
제주특별자치도의회|의장|신관홍,3522379
대검찰청대전고등검찰청|검사장|김강욱,3510144
산업통상자원부한국세라믹기술원|원장|강석중,3508249
법무부사법연수원|부원장|조은석,3501538
국회|국회의원|유기준,3501510
강원도의회|의원|김성근,3498089
서울고등법원|부장판사|한승,3497354
고용노동부한국산업인력공단|이사장|박영범,3491069
산업통상자원부한국광해관리공단|이사장|김익환,3489885
특허법원|법원장|이대경,3489290
부산광역시의회|의원|강무길,3486093
부산광역시의회|의원|김종한,3471157
경기도안성시|시장|황은성,3466933
서울고등법원|부장판사|윤성근,3466135
국회|국회의원|강길부,3436703
경기도의회|의원|이재석,3420287
경상북도의회|의원|조현일,3407710
국회|국회의원|곽상도,3390734
서울고등법원|부장판사|배광국,3390120
미래창조과학부대구경북과학기술원|총장|신성철,3380546
전라북도의회|의원|김종철,3369177
국민권익위원회|부위원장|박경호,3363813
국민안전처|차관|이성호,3352684
국토교통부|제1차관|김경환,3335419
서울특별시의회|의원|유용,3323084
서울고등법원|부장판사|고의영,3314719
교육부재단법인동북아역사재단|이사장|김호섭,3277940
국회|국회의원|오신환,3267972
제주특별자치도의회|의원|손유원,3264123
부산고등법원|부장판사|구남수,3261890
미래창조과학부한국연구재단|이사장|조무제,3260910
서울특별시의회|의원|강성언,3256504
경상남도창원시|시장|안상수,3249656
보건복지부|차관|방문규,3227602
전라남도|정무부지사|우기종,3222807
대구광역시남구|구청장|임병헌,3217577
한국은행금융통화위원회|위원|조동철,3210105
서울고등법원|부장판사|민중기,3206247
고용노동부한국사회적기업진흥원|원장|오광성,3191783
충청남도공주시|시장|오시덕,3188152
한국은행|부총재|장병화,3186821
한국은행금융통화위원회|위원|고승범,3165870
보건복지부|장관|정진엽,3161415
서울고등법원|부장판사|김대웅,3160638
특허법원|부장판사|오영준,3151677
보건복지부한국의료분쟁조정중재원|원장|박국수,3130497
국회|국회의원|조응천,3129575
미래창조과학부정보통신산업진흥원|원장|윤종록,3118671
고용노동부|고용정책실장|문기섭,3107717
국회|국회의원|변재일,3103690
국무조정실한국보건사회연구원|원장|김상호,3100177
국가인권위원회|상임위원|정상환,3092213
교육부한국해양대학교|총장|박한일,3089931
부산광역시의회|의원|권칠우,3084569
인사혁신처|처장|김동극,3081444
국무조정실한국개발연구원|원장|김준경,3068945
국회|국회의원|김순례,3065639
국회|국회의원|유동수,3061102
법무부|검찰국장|안태근,3048106
전라남도영광군|군수|김준성,3025205
방송통신심의위원회|위원장|박효종,3022461
서울고등법원|부장판사|권기훈,3013313
미래창조과학부한국원자력연구원|원장|김종경,3005863
국회|국회의원|백재현,3002241
경기도의회|의원|김상돈,2977333
산업통상자원부한국가스공사|관리부사장|안완기,2974244
창원지방법원|법원장|박효관,2962639
전라남도의회|의원|권욱,2955406
국회|국회의원|김도읍,2938693
미래창조과학부과학기술연합대학원대학교|총장|문길주,2932430
인천광역시경제자유구역청|청장|이영근,2932330
인천광역시의회|의원|이영환,2916138
충청남도의회|의원|강용일,2901635
국회|국회의원|김정훈,2895911
대검찰청수원지방검찰청|검사장|신유철,2888168
한국은행금융통화위원회|위원|이일형,2887711
국회|국회의원|이용득,2880706
경상남도의회|의원|황종명,2865407
충청북도의회|의원|임헌경,2865377
서울특별시중구|구청장|최창식,2861774
국가보훈처독립기념관|관장|윤주경,2861720
행정자치부|장관|홍윤식,2860542
국회|국회의원|송희경,2857419
국회|국회의원|오제세,2834578
보건복지부국립보건연구원|원장|박도준,2832463
보건복지부대구경북첨단의료산업진흥재단|이사장|이재태,2828846
서울특별시의회|의원|최호정,2825399
국회|국회의원|강효상,2824614
국무조정실한국조세재정연구원|원장|박형수,2817187
경기도의회|의원|진용복,2796749
특허법원|부장판사|이정석,2792604
미래창조과학부한국인터넷진흥원|원장|백기승,2791059
국회|국회의원|김진태,2786842
국회|국회의원|황주홍,2785736
국회|국회의원|정종섭,2770825
광주광역시서구|구청장|임우진,2769605
외교부|한반도평화교섭본부장|김홍균,2766458
인천광역시의회|의원|최석정,2754808
부산광역시|국제관계대사|홍성화,2748388
충청남도의회|의원|김석곤,2748137
헌법재판소|재판관|강일원,2743587
헌법재판소|재판관|조용호,2743014
보건복지부오송첨단의료산업진흥재단|이사장|선경,2737632
대법원|대법관|권순일,2730659
경기도의회|의원|조창희,2715627
수원지방법원|수석부장판사|한창훈,2698082
미래창조과학부한국건설기술연구원|원장|이태식,2697529
대구고등법원|수석부장판사|진성철,2689722
서울특별시의회|의원|이석주,2688664
경상북도의회|의원|안희영,2686830
경기도성남시|시장|이재명,2685727
서울서부지방법원|법원장|이태종,2675427
국가인권위원회|위원장|이성호,2668098
문화체육관광부한국문화예술교육진흥원|원장|주성혜,2655024
서울특별시의회|의원|김혜련,2647644
경상북도의회|의원|나기보,2647203
산업통상자원부한국가스공사|사장|이승훈,2645463
금융위원회금융감독원|부원장보|박희춘,2643288
국가정보원|제2차장|최윤수,2643144
미래창조과학부한국지질자원연구원|원장|신중호,2641461
보건복지부건강보험심사평가원|원장|손명세,2638067
국회|국회의원|소병훈,2623341
교육부한국학중앙연구원|원장|이기동,2622730
고용노동부|일반직고위공무원|신기창,2620151
광주지방법원|법원장|김광태,2618241
식품의약품안전처|차장|유무영,2618061
국회|국회의원|홍의락,2613940
경기도연천군|군수|김규선,2611099
금융위원회금융감독원|부원장|이동엽,2608724
대구광역시달성군|군수|김문오,2598667
수원지방법원안산지원|원로법관|조병현,2591953
서울고등법원|부장판사|김인겸,2589174
국민권익위원회|부위원장|이상민,2589076
외교부|외교비서관|이도훈,2588987
경상남도의회|의원|진병영,2587230
충청북도청주시|시장|이승훈,2583410
경상남도의회|의원|김창규,2570209
대통령비서실|인사수석비서관|정진철,2567565
경상남도|도지사|홍준표,2555543
서울특별시의회|의원|최조웅,2543572
행정중심복합도시건설청|청장|이충재,2542958
대법원|前대법관|이상훈,2538887
국회|국회의원|이언주,2534062
서울특별시서초구|구청장|조은희,2530685
대구고등법원|부장판사|성수제,2524429
서울특별시의회|의원|이명희,2522641
국무조정실|대통령권한대행국무총리|황교안,2521731
서울고등법원|부장판사|민유숙,2520649
경상남도진주시|시장|이창희,2518997
국가안보실|안보전략비서관|전성훈,2511814
서울고등법원|부장판사|이상주,2507661
행정자치부이북5도위원회|함경남도지사|김덕순,2503283
교육부국립대학법인서울대학교|총장|성낙인,2502021
고용노동부|차관|고영선,2500627
국회|국회의원|조훈현,2494927
울산광역시울주군|군수|신장열,2491788
대통령비서실|고용복지수석비서관|김현숙,2488568
방송통신위원회|상임위원|이기주,2485537
국가안보실|제1차장|조태용,2480452
국회|국회의원|윤후덕,2476539
울산광역시의회|의원|박영철,2469311
서울회생법원|법원장|이경춘,2466512
국회|국회의원|주호영,2464550
인사혁신처공무원연금공단|이사장|최재식,2462797
국회|국회의원|이상민,2459114
대전고등법원|부장판사|이승한,2456121
국토교통부한국토지주택공사|부사장겸기획재무본부장|송태호,2445954
국회|국회의원|박명재,2444306
감사원|감사위원|유진희,2444194
국무조정실대외경제정책연구원|원장|현정택,2428124
대통령비서실|산업통상자원비서관|박원주,2415161
교육부한국체육대학교|총장|김성조,2412662
국방부|-|장경석,2405626
경기도의회|의원|윤광신,2393516
국토교통부한국토지주택공사|상임감사위원|허종덕,2389867
대구광역시의회|의원|박상태,2386307
교육부서울과학기술대학교|부총장|박익근,2385377
국회|국회의원|정용기,2382118
헌법재판소|재판관|서기석,2372601
울산광역시의회|의원|천기옥,2372294
기획재정부|국제경제관리관|송인창,2368850
서울고등법원|부장판사|서경환,2366920
고용노동부학교법인한국기술교육대학교|총장|김기영,2363837
대구광역시의회|의원|이경애,2355515
국회|국회의원|박남춘,2355357
국무조정실|규제조정실장|강영철,2352592
국회|국회의원|김동철,2342366
병무청|차장|이상진,2327207
국회|국회의원|최연혜,2324462
서울특별시서대문구|구청장|문석진,2321400
충청북도|정무부지사|설문식,2318576
여성가족부|기획조정실장|이기순,2317596
국회|국회의원|박경미,2315006
대검찰청|검찰총장|김수남,2310292
미래창조과학부한국한의학연구원|원장|이혜정,2307300
부산광역시동구|구청장|박삼석,2304302
서울중앙지방법원|법원장|강형주,2299665
사법연수원|교수(고등법원부장판사)|선재성,2294752
경상남도의회|의원|서종길,2289134
금융위원회금융감독원|부원장|김수일,2287900
산업통상자원부한국남동발전(주)|상임감사위원|최상화,2281073
전라남도진도군|군수|이동진,2278066
국민안전처|기획조정실장|김동현,2271488
서울고등법원|부장판사|정선재,2266250
교육부부산대학교|부총장|이정주,2256158
서울특별시의회|의원|김용석_,2251025
교육부대구교육대학교|총장|임청환,2241139
부산광역시의회|의원|이대석,2239753
경찰청부산지방경찰청|청장|허영범,2236861
울산광역시의회|의원|임현철,2227107
국토교통부한국철도공사|사장|홍순만,2224609
교육부강원대학교|총장|김헌영,2219522
부산광역시의회|의원|최영진,2219334
국무총리비서실|민정실장|이태용,2215603
국회|국회의원|전해철,2212996
외교부|대사|이윤,2205753
미래창조과학부한국전기연구원|원장|박경엽,2205112
국회|국회의원|문미옥,2189575
국회운영위원회|수석전문위원|한공식,2177140
경상북도의회|의원|한혜련,2173152
부산광역시의회|의원|김수용,2172666
대구광역시의회|의원|조재구,2172340
금융위원회|위원장|임종룡,2172145
국가안보실|사이버안보비서관|이재성,2168763
서울특별시의회|의원|김영한,2165100
부산광역시의회|의원|이상갑,2162382
광주광역시의회|의장|이은방,2157636
감사원|사무총장|이완수,2154749
새누리당|정책연구위원|이중호,2152977
국회|국회의원|김규환,2152595
대통령비서실|보건복지비서관|김진수,2151397
경상북도포항시|시장|이강덕,2149232
보건복지부한국보건산업진흥원|원장|이영찬,2148630
국회|국회의원|이종걸,2146277
대검찰청|사무국장|양희천,2145243
전라남도광양시|시장|정현복,2144939
서울고등법원|수석부장판사|성낙송,2143652
대검찰청부산고등검찰청|검사장|문무일,2143113
교육부국사편찬위원회|위원장|김정배,2142892
국회|국회의원|민경욱,2140515
서울고등법원|부장판사|김필곤,2136310
교육부한국장학재단|이사장|안양옥,2133858
한국은행|총재|이주열,2132076
국회|국회의원|정운천,2131219
대통령비서실|기획비서관|최재영,2125694
서울고등법원|부장판사|양현주,2123338
국회|국회의원|이철규,2122271
경기도의회|의원|방성환,2121159
서울특별시의회|의원|유찬종,2118501
인천광역시의회|의원|안영수,2117281
국회|국회의원|윤상직,2114422
수원지방법원|법원장|이종석,2113928
교육부충남대학교|부총장|진윤수,2112435
대검찰청울산지방검찰청|검사장|한찬식,2111498
국회|국회의원|강창일,2111355
경기도의회|의원|김길섭,2110913
산업통상자원부한국디자인진흥원|원장|정용빈,2108393
특허법원|부장판사|박형준,2104154
산업통상자원부한국지역난방공사|사장|김경원,2103771
국회|국회의원|유재중,2101181
울산광역시의회|의원|이성룡,2098777
보건복지부한국노인인력개발원|원장|최성재,2096675
국회|국회의원|김철민,2093030
서울고등법원|부장판사|윤준,2087258
경상남도의회|의원|정연희,2084024
부산광역시영도구|구청장|어윤태,2080662
국회|국회의원|이개호,2077189
대통령비서실|기후환경비서관|이찬희,2075086
제주특별자치도의회|의원|유진의,2070482
광주광역시북구|구청장|송광운,2062105
산업통상자원부한국전력공사|사장|조환익,2059219
경상북도의회|의원|김봉교,2056148
외교부|공공외교대사|조현동,2054364
부산지방법원|법원장|이광만,2051738
대법원|대법관|김재형,2050981
기획재정부한국투자공사|사장|은성수,2049551
금융위원회금융감독원|부원장보|조두영,2049220
경찰청대구지방경찰청|청장|김상운,2044052
서울고등법원|부장판사|배준현,2038174
법원행정처|법원행정처장(대법관)|고영한,2029574
경기도의회|의원|원욱희,2029254
외교부|기획조정실장|백지아,2028987
서울고등법원|부장판사|김종호,2026373
기상청한국기상산업진흥원|원장|김종석,2020504
교육부경상대학교병원|병원장|신희석,2019989
국토교통부한국감정원|원장|서종대,2017633
서울특별시의회|의원|이현찬,2017379
서울중앙지방법원|형사수석부장판사|신광렬,2014904
국회|국회의원|추경호,2012134
국가안보실|국가안보실장|김관진,2006325
서울특별시의회|의원|최판술,2003986
대전광역시|정무부시장|이현주,1999265
부산광역시의회|의원|오은택,1997224
국회|국회의원|김승희,1996256
행정자치부경찰위원회|상임위원|김정식,1994530
대구광역시의회|의원|최재훈,1990552
산업통상자원부한국중부발전(주)|사장|정창길,1989303
산업통상자원부|제2차관|우태희,1988519
대법원|대법관|이기택,1988409
경기도남양주시|시장|이석우,1982228
미래창조과학부한국철도기술연구원|원장|김기환,1978879
국회|국회의원|이학영,1978762
국회사무처|국회사무총장|우윤근,1978277
서울고등법원|부장판사|서태환,1976140
중앙선거관리위원회|사무총장|김대년,1974996
국회|국회의원|이상돈,1956820
국회|국회의원|김학용,1951024
고용노동부학교법인한국폴리텍|이사장|이우영,1950303
중소기업청중소기업진흥공단|이사장|임채운,1946940
금융위원회금융정보분석원|원장|유광열,1944519
충청남도천안시|시장|구본영,1942599
여성가족부|장관|강은희,1936078
전라남도장성군|군수|유두석,1933854
문화체육관광부한국문화예술위원회|위원장|박명진,1932364
교육부금오공과대학교|총장|김영식,1930474
환경부|장관|조경규,1928654
서울특별시용산구|구청장|성장현,1928137
국회|국회의원|김정우,1924640
경기도의회|의원|조승현,1920666
국회|국회의원|도종환,1919778
국토교통부|교통물류실장|이승호,1919094
문화체육관광부한국관광공사|사장|정창수,1914025
산림청한국임업진흥원|원장|김남균,1913022
경상남도의회|의원|이태춘,1910660
서울특별시의회|의원|유광상,1910537
제주특별자치도의회|의원|이기붕,1908607
행정자치부이북5도위원회|황해도지사|한상순,1905980
산업통상자원부한국지역난방공사|부사장|이기만,1902475
교육부|부총리겸장관|이준식,1900940
서울특별시중랑구|구청장|라진구,1897444
환경부|차관|이정섭,1894667
전라북도정읍시|시장|김생기,1892140
통계청|청장|유경준,1890964
국회|국회의원|김영주,1888453
대검찰청광주지방검찰청|검사장|김회재,1878354
교육부한국사학진흥재단|이사장|김혜천,1875646
중소기업청신용보증재단중앙회|회장|김순철,1874377
방위사업청|청장|장명진,1870069
대검찰청대구지방검찰청|검사장|전현준,1867900
외교부|의전비서관|윤여철,1865611
경기도의회|의원|이재준,1865069
충청북도의회|의장|김양희,1858293
산업통상자원부한국무역보험공사|사장|김영학,1854970
서울고등법원|부장판사|조해현,1853903
전라남도여수시|시장|주철현,1851558
해양수산부수산업협동조합중앙회|감사|서정욱,1849614
전라북도|행정부지사|김일재,1848755
농림축산식품부농림수산식품교육문화정보원|원장|박철수,1845338
국회|국회의원|기동민,1844763
교육부부산대학교병원|병원장|이창훈,1844330
서울고등법원|부장판사|김주현,1838888
법원행정처|前법원행정처차장|임종헌,1838731
전주지방법원|법원장|장석조,1838334
고용노동부한국산업안전보건공단|이사장|이영순,1837737
경상남도의회|의원|조우성,1837387
외교부|기후변화대사|김찬우,1833619
서울특별시의회|의원|김경자,1831992
교육부충북대학교|부총장|오기완,1831657
서울특별시의회|의원|서윤기,1827572
국회|국회의원|박인숙,1825300
대통령비서실|법무비서관|최철환,1824785
국회|국회의원|김현아,1821671
경기도의회|의원|장동일,1819862
서울고등법원|부장판사|이영진,1819861
국회|국회의원|김병기,1818308
경기도의회|의원|조광희,1818216
특허법원|부장판사|김우수,1817840
방송통신위원회|부위원장|김재홍,1815082
인사혁신처소청심사위원회|상임위원|오동호,1812840
서울특별시의회|의원|이창섭,1808137
국토교통부한국감정원|상임감사위원|김한수,1806826
경상남도밀양시|시장|박일호,1802654
경기도의회|의원|한길룡,1800493
인천광역시의회|의장|제갈원영,1797263
국방부|장관|한민구,1796326
대구고등법원|부장판사|김문관,1791929
경기도|국제관계대사|김상일,1791778
경상북도의회|의원|김희수,1788632
부산광역시연제구|구청장|이위준,1787617
대법원|대법관|박상옥,1786700
국회|국회의원|이만희,1786372
국회|국회의원|장제원,1784935
기획재정부한국수출입은행|은행장|이덕훈,1784345
미래창조과학부|창조경제조정관|고경모,1775364
교육부경상대학교|총장|이상경,1775161
감사원|감사위원|이준호,1773904
국방부|-|이왕근,1772277
경상남도의회|의원|김홍진,1770090
국회|국회의원|조배숙,1767554
국회|국회부의장|박주선,1762278
서울중앙지방법원|원로법관|성기문,1761553
산업통상자원부한국전기안전공사|사장|이상권,1760857
서울고등법원|부장판사|오석준,1757130
울산광역시의회|의원|최유경,1757039
강원도의회|의원|남평우,1754502
대검찰청전주지방검찰청|검사장|장호중,1752286
법무부|교정본부장|김학성,1741268
국회|국회의원|이철우,1738208
교육부사립학교교직원연금공단|이사장|김화진,1737323
국회|국회의원|김명연,1734058
대통령비서실|정보방송통신비서관|석제범,1731075
대전광역시의회|의원|심현영,1730096
교육부한국방송통신대학교|부총장|김외숙,1728266
경기도의회|의원|이순희,1728143
국회|국회의원|이주영,1727066
국회|국회의원|정재호,1723549
충청남도의회|의원|김응규,1722678
국회|국회의원|염동열,1715442
국회|국회의원|김재경,1714382
기획재정부|제1차관|최상목,1713590
국회|국회의원|김진표,1713320
전라남도의회|의원|이용재,1711357
문화체육관광부한국예술종합학교|총장|김봉렬,1711056
경상북도의회|의원|조주홍,1710302
교육부충북대학교|부총장|권효식,1707380
외교부|대사|문하영,1704495
국회|국회의원|백승주,1704406
경기도구리시|시장|백경현,1703815
국회|국회의원|곽대훈,1701690
인천광역시의회|의원|최만용,1701352
국가보훈처한국보훈복지의료공단|이사장|김옥이,1701329
전라남도의회|의원|한택희,1694675
금융위원회금융감독원|부원장보|권순찬,1692724
경기도김포시|시장|유영록,1687955
대구지방법원|수석부장판사|강동명,1687937
경찰청경찰대학|학장|서범수,1684517
국토교통부|장관|강호인,1683131
국방부|-|최병로,1682022
국회|국회의원|윤영일,1681535
문화체육관광부국제방송교류재단|사장|문재완,1681225
서울고등법원|부장판사|한규현,1678863
국회|국회의원|우원식,1676207
강원도강원도립대학교|총장|송승철,1672459
서울특별시|기획조정실장|장혁재,1671213
부산광역시|경제부시장|김규옥,1670732
대통령비서실|경제수석비서관|강석훈,1662804
외교부|재외동포영사대사|한동만,1659112
서울고등법원|부장판사|여미숙,1658244
국회|국회의원|김관영,1654857
대검찰청|감찰부장|정병하,1652480
전라북도의회|의원|이학수,1652354
교육부충남대학교|총장|오덕성,1652180
교육부한국교원대학교|부총장|주명덕,1651790
국회|국회의원|이종구,1651218
문화체육관광부아시아문화원|원장|김병석,1648556
교육부서울대학교병원|병원장|서창석,1648376
경상북도구미시|시장|남유진,1646696
대통령비서실|교육비서관|김관복,1646268
경상남도거제시|시장|권민호,1644692
국회|국회의원|윤재옥,1642922
방위사업청|사업관리본부장|유병직,1642486
국회|국회의원|김성찬,1642475
제주특별자치도의회|의원|고정식,1637080
서울특별시의회|의원|우창윤,1630699
헌법재판소|재판관|이정미,1630561
국토교통부인천국제공항공사|사장|정일영,1629736
대전고등법원|부장판사|이승훈,1628674
국회|국회의원|이용주,1627720
중앙선거관리위원회|상임위원|윤병태,1626790
사법연수원|사법연수원장|최재형,1624544
대구광역시|시장|권영진,1624509
제주특별자치도|도지사|원희룡,1622090
보건복지부국민연금공단|이사장|문형표,1621973
경상북도의회|의원|윤종도,1613079
제주특별자치도의회|의원|김광수,1612576
국회|국회의원|박완수,1611960
법무부|법무실장|김호철,1610399
개인정보보호위원회|상임위원|임채호,1600979
국회|국회의원|이헌승,1592621
전라북도남원시|시장|이환주,1591612
국방부|-|엄기학,1588410
서울특별시의회|의원|김생환,1587644
금융위원회금융감독원|감사|김일태,1584053
국회|국회의원|정인화,1582571
기획재정부|세제실장|최영록,1579046
경찰청도로교통공단|이사장|신용선,1576728
경상북도의회|의원|이상구,1573457
서울동부지방법원|법원장|이승영,1571655
서울특별시의회|의원|김현기,1571342
경상북도문경시|시장|고윤환,1569572
대검찰청|공판송무부장|김해수,1568912
경기도의회|의원|김정영,1565960
국회|국회의원|이종배,1559156
대검찰청|차장검사|김주현,1558448
국회|국회의원|윤한홍,1557481
헌법재판소|재판관|김창종,1557059
청주지방법원|법원장|신귀섭,1556705
국방부|차관|황인무,1554895
산업통상자원부|무역투자실장|채희봉,1552986
대법원|대법관|박병대,1552178
산업통상자원부한국산업단지공단|이사장|황규연,1549539
교육부부산대학교|총장|전호환,1545877
금융위원회|상임위원|손병두,1545630
보건복지부한약진흥재단|원장|신흥묵,1542749
서울특별시의회|의원|박중화,1541386
여성가족부한국청소년활동진흥원|이사장|신은경,1541174
외교부한국국제협력단|이사장|김인식,1540097
제주특별자치도의회|의원|김동욱,1538493
방위사업청|차장|문승욱,1535834
원자력안전위원회|위원장|김용환,1534851
경기도의회|의원|김철인,1534028
헌법재판소|재판관|안창호,1532372
서울특별시강남구|구청장|신연희,1532229
경상북도|도지사|김관용,1530154
대구광역시의회|의원|배창규,1527943
강원도평창군|군수|심재국,1525701
국방부전쟁기념사업회|회장|이영계,1523610
미래창조과학부한국항공우주연구원|원장|조광래,1523089
전라남도|도지사|이낙연,1522289
미래창조과학부한국생명공학연구원|원장|장규태,1519912
서울고등법원|부장판사|노정희,1519450
국회|국회의원|윤종필,1519244
국토교통부|기획조정실장|손병석,1516696
법원행정처|사법정책실장|심준보,1512510
외교부|정책조정비서관|이정규,1512324
교육부|기획조정실장|이기봉,1511366
국회|국회의원|이용호,1510225
경기도의회|의원|정희시,1508099
광주고등법원|수석부장판사|이창한,1507207
외교부|의전장|최종현,1505726
외교부|차관보|김형진,1502931
외교부한국국제교류재단|이사장|이시형,1500068
충청북도영동군|군수|박세복,1498705
국회사무처|국회사무차장|이인용,1497657
국회|국회의원|박광온,1497207
경상남도의회|의원|정광식,1495684
해양수산부국립수산과학원|원장|강준석,1494048
국회|국회의원|한선교,1492880
제주특별자치도의회|의원|이경용,1492857
대통령비서실|춘추관장|육동인,1488744
경찰청울산지방경찰청|청장|이재열,1486370
서울고등법원|부장판사|허부열,1484410
서울특별시의회|의원|황준환,1484253
충청북도|도지사|이시종,1481505
특허청특허심판원|원장|김연호,1478889
국회|국회의원|이군현,1476308
전라남도의회|의원|전정철,1475879
법제처|처장|제정부,1470817
미래창조과학부국립중앙과학관|관장|양성광,1470288
경기도용인시|시장|정찬민,1468146
대검찰청대구고등검찰청|검사장|윤갑근,1467554
해양수산부여수광양항만공사|사장|선원표,1466605
국회|국회의원|최명길,1460829
인천광역시의회|의원|홍정화,1459784
서울고등법원|법원장|최완주,1457614
경찰청|치안감|김덕섭,1454911
인천광역시의회|의원|오흥철,1454281
국방부|-|제갈용준,1452389
국회|국회의원|홍익표,1446484
경기도의회|의원|윤영창,1440659
국방부|-|김운용,1439008
산업통상자원부한국전력공사|국내부사장|김시호,1437857
대통령비서실|국토교통비서관|이원재,1437730
보건복지부한국보건복지인력개발원|원장|최영현,1437065
제주특별자치도의회|의원|고태순,1436555
대전광역시의회|의원|박병철,1434325
기획재정부|기획조정실장|고형권,1434165
국회|국회의원|주광덕,1433709
경상남도|서부부지사|조규일,1432568
고용노동부서울지방노동위원회|위원장|임무송,1430678
농림축산식품부|식품산업정책실장|김경규,1428749
국회|국회의원|김성태_,1427441
국토교통부한국철도시설공단|이사장|강영일,1426841
산업통상자원부대한무역투자진흥공사|사장|김재홍,1426624
서울고등법원|부장판사|김용빈,1423438
고용노동부|기획조정실장|박종길,1423301
서울특별시|도시재생본부장|진희선,1422980
법원공무원교육원|교육원장|구연모,1421689
국토교통부한국공항공사|부사장|윤왕로,1421013
국방부한국국방연구원|원장|한홍전,1420119
전라남도나주시|시장|강인규,1419603
금융위원회금융감독원|부원장|박세춘,1417236
강원도|도지사|최문순,1414344
대검찰청부산지방검찰청|검사장|황철규,1410899
충청북도|행정부지사|고규창,1410838
국가인권위원회|사무총장|안석모,1410500
전라남도광양만권경제자유구역청|청장|권오봉,1409868
서울특별시|행정1부시장|류경기,1407426
해양수산부부산항만공사|사장|우예종,1405774
충청북도의회|의원|이언구,1405668
대통령경호실|경호실장|박흥렬,1404729
서울고등법원|고등법원부장판사|배기열,1403352
공정거래위원회|상임위원|김성하,1402871
강원도의회|의원|장석삼,1400983
문화체육관광부국립중앙박물관|관장|이영훈,1397512
외교부|대변인|조준혁,1397093
충청북도의회|의원|이광진,1392583
경기도의회|의원|홍석우,1391225
교육부부경대학교|총장|김영섭,1391216
경상북도의회|의원|이정호,1390068
대검찰청서울동부지방검찰청|검사장|봉욱,1384816
전라북도|도지사|송하진,1382385
감사원|감사위원|정길영,1377093
서울특별시의회|의원|박래학,1374636
세종특별자치시의회|의원|장승업,1374188
산업통상자원부|산업기반실장|도경환,1373239
농촌진흥청국립식량과학원|원장|이영희,1373163
경기도|행정1부지사|이재율,1372778
경기도의회|의원|김경자,1371771
보건복지부국립중앙의료원|원장|안명옥,1370184
서울특별시의회|의원|이혜경,1369063
문화체육관광부국립국어원|원장|송철의,1368811
국토교통부인천국제공항공사|상임감사위원|박용석,1367932
경기도의회|의원|원대식,1367704
전라남도영암군|군수|전동평,1367637
서울고등법원|부장판사|여상훈,1367179
울산광역시의회|의원|김일현,1366956
충청남도의회|의원|백낙구,1364129
경상북도김천시|시장|박보생,1364093
대구광역시의회|의원|임인환,1359723
인천광역시의회|의원|임정빈,1354530
경상북도교육청|교육감|이영우,1352639
인천광역시강화군|군수|이상복,1352118
국회|국회의원|박찬우,1352026
국회|국회의원|신창현,1350283
대구지방법원|법원장|김찬돈,1348864
해양수산부한국어촌어항협회|이사장|류청로,1345274
대검찰청대전지방검찰청|검사장|안상돈,1344142
중앙선거관리위원회|상임위원|백두성,1336759
서울고등법원|부장판사|박정화,1335991
대검찰청청주지방검찰청|검사장|송인택,1334997
인천광역시의회|의원|황흥구,1333978
경기도안양시|시장|이필운,1333024
미래창조과학부|과학기술전략본부장|홍남표,1330313
농림축산식품부축산물품질평가원|원장|백종호,1328723
교육부진주교육대학교|총장|최문성,1327727
조달청|청장|정양호,1325501
인천광역시의회|의원|최용덕,1324611
교육부한국복지대학교|총장|이상진,1322574
국세청|차장|김봉래,1322256
국회|국회의원|정양석,1320489
대법원|대법원장비서실장|설범식,1319094
국회|국회의원|권석창,1318181
외교부국립외교원|대사|김은석,1315925
외교부|장관|윤병세,1315300
중앙선거관리위원회|상임위원|임성식,1314771
광주고등법원|법원장|유남석,1314594
서울중앙지방법원|원로법관|강영호,1311732
환경부국립공원관리공단|이사장|박보환,1310357
서울특별시의회|의원|문종철,1309817
국가정보원|제3차장|최종일,1309256
인천광역시의회|의원|박병만,1304224
서울가정법원|수석부장판사|이은애,1303409
경상북도의회|의원|박권현,1301776
행정자치부|창조정부조직실장|윤종인,1301771
미래창조과학부한국과학기술단체총연합회|사무총장|이은우,1299610
방송통신위원회한국방송광고진흥공사|사장|곽성문,1297856
미래창조과학부한국기초과학지원연구원|원장|이광식,1292004
국방부|인사복지실장|황우웅,1291331
대전광역시|행정부시장|송석두,1290483
부산광역시의회|의원|진남일,1287034
충청남도의회|의원|이기철,1285551
미래창조과학부울산과학기술원|총장|정무영,1282805
부산광역시의회|의원|최준식,1279115
교육부경인교육대학교|총장|이재희,1277014
국회|국회의원|이동섭,1275996
해양수산부선박안전기술공단|이사장|목익수,1272479
경상남도의회|의원|한영애,1269633
강원도강릉시|시장|최명희,1267234
교육부한밭대학교|총장|송하영,1264316
인사혁신처소청심사위원회|상임위원|황서종,1263152
예산결산특별위원회|수석전문위원|김춘순,1262260
관세청|청장|천홍욱,1257982
경상남도의회|의원|이종섭,1256738
교육부충남대학교|부총장|강용,1256468
국민안전처|해양경비안전본부장|홍익태,1251436
국방부주한미군기지이전사업단|단장|김기수,1246185
국방부|-|원인철,1245692
인천광역시부평구|구청장|홍미영,1245013
국회|국회의원|민홍철,1244293
서울특별시의회|의원|강감창,1243718
서울특별시의회|의원|진두생,1243167
대통령경호실|경호본부장|류국형,1242628
대전고등법원|법원장|지대운,1240637
대법원|대법관|김소영,1239406
감사원|기획조정실장|이익형,1236840
국회도서관|국회도서관장|이은철,1236746
강원도태백시|시장|김연식,1235070
충청남도부여군|군수|이용우,1233128
광주고등법원|부장판사|구회근,1232124
경상북도영천시|시장|김영석,1231655
외교부|다자외교조정관|최종문,1231352
서울고등법원|부장판사|홍동기,1231079
충청남도의회|의원|김종문,1228452
서울행정법원|수석부장판사|이진만,1225088
서울고등법원|부장판사|정형식,1223683
국회|국회의원|인재근,1221515
문화체육관광부|제1차관|송수근,1219920
대검찰청의정부지방검찰청|검사장|조희진,1219920
경기도이천시|시장|조병돈,1219319
산업통상자원부한국전력공사|해외부사장|유향열,1219036
경찰청중앙경찰학교|학교장|장향진,1218774
전라남도의회|의원|조상래,1218366
제주특별자치도의회|의원|홍기철,1217892
문화체육관광부영화진흥위원회|위원장|김세훈,1217260
대법원|수석재판연구관|김현석,1215150
환경부중앙환경분쟁조정위원회|위원장|남광희,1213384
경상북도성주군|군수|김항곤,1212644
서울고등법원|부장판사|박형남,1210328
대구광역시의회|의원|차순자,1209730
경기도의회|의원|윤태길,1209390
국무조정실|경제조정실장|성윤모,1205234
미래창조과학부연구개발특구진흥재단|이사장|김차동,1204941
서울고등법원|부장판사|김창보,1204339
교육부제주대학교|부총장|김두철,1202310
충청남도의회|의원|이종화,1202110
대구광역시|경제부시장|김연창,1201019
대법원|대법관|박보영,1198749
충청북도진천군|군수|송기섭,1196612
부산광역시의회|의원|이종진,1195275
충청남도태안군|군수|한상기,1195144
국회|국회의원|이훈,1194304
국회|국회의원|정태옥,1192588
제주특별자치도의회|의원|김명만,1190298
서울특별시의회|의원|김진영,1188490
경기도의회|의원|박윤영,1188388
국회|국회의원|심재권,1188254
대통령비서실|인사혁신비서관|윤종진,1187347
국세청부산지방국세청|청장|서진욱,1186667
국회|국회의원|윤호중,1185458
국방부|-|김판규,1184016
국회|국회의원|박지원,1179497
국가정보원|제1차장|김진섭,1179166
국세청|청장|임환수,1178686
국회|국회의원|이석현,1178176
국방부|-|정연봉,1177747
경상북도의회|의원|오세혁,1177221
국회|국회의원|박찬대,1176819
국무조정실한국교육과정평가원|원장|김영수,1176605
교육부창원대학교|총장|최해범,1176330
서울특별시노원구|구청장|김성환,1176023
방송통신위원회|사무처장|정종기,1174988
국토교통부|주택토지실장|박선호,1173756
문화체육관광부2018평창동계올림픽조|원회직위기획조정실장|김기홍,1171768
전라북도군산시|시장|문동신,1170423
경기도의회|의원|고윤석,1167714
법제사법위원회|수석전문위원|남궁석,1166410
대검찰청|반부패부장|박정식,1166287
국회|국회의원|서영교,1165954
서울행정법원|법원장|황병하,1165187
교육부강릉원주대학교|총장|반선섭,1164388
서울특별시의회|의원|이병해,1164252
국무조정실|국정운영실장|최병환,1162355
교육부서울교육대학교|총장|김경성,1160694
서울고등법원|부장판사|김승표,1158935
대통령비서실|중소기업비서관|정윤모,1158807
부산광역시중구|구청장|김은숙,1157132
제주특별자치도의회|의원|현우범,1152546
부산광역시서구|구청장|박극제,1152479
국방부|-|김완태,1152359
경기도의회|의원|송낙영,1149502
경상북도의회|의원|배진석,1149253
보건복지부|기획조정실장|권덕철,1148884
대통령비서실|뉴미디어정책비서관|최형우,1147672
대구광역시의회|의원|신원섭,1146279
강원도의회|의원|남경문,1143442
경상남도의회|의원|강용범,1143004
경상남도사천시|시장|송도근,1142001
부산광역시의회|의원|김흥남,1141788
해양수산부울산항만공사|사장|강종열,1141374
대전고등법원|부장판사|차문호,1140740
광주광역시의회|의원|박춘수,1140624
국회|국회의원|정동영,1140172
전라남도구례군|군수|서기동,1136130
경기도의회|의원|최지용,1135967
국회|국회의원|이해찬,1131959
국방부|-|고현수,1131492
문화체육관광부|관광정책실장|황명선,1130769
국회|국회의원|홍문표,1130088
문화재청|청장|나선화,1128146
산업통상자원부한국가스안전공사|대표이사|박기동,1125670
행정자치부이북5도위원회|함경북도지사|안충준,1124943
대구광역시수성구|구청장|이진훈,1124005
법원도서관|법원도서관장|강민구,1123566
세종특별자치시의회|의원|정준이,1123109
충청남도충남도립대학교|총장|구본충,1120691
경상남도김해시|시장|허성곤,1120677
국회|국회의원|장석춘,1119547
대검찰청|형사부장|박균택,1118078
제주특별자치도의회|의원|고태민,1116219
강원도|경제부지사|맹성규,1116029
교육부부산대학교|부총장|오석근,1114813
서울고등법원|부장판사|이재영,1111953
충청남도보령시|시장|김동일,1111467
국회|국회의원|추미애,1110398
국무조정실|사회조정실장|임찬우,1109321
외교부|제2차관|안총기,1108997
서울특별시|도시교통본부장|윤준병,1107791
인천광역시연수구|구청장|이재호,1106218
경상남도통영시|시장|김동진,1106105
국토교통부제주국제자유도시개발센터|상임감사|김치영,1105386
국민안전처|소방조정관|조종묵,1105143
전라북도의회|의원|박재완,1104091
공정거래위원회|사무처장|신영선,1103554
기획재정부|예산실장|박춘섭,1102354
대구광역시대구경북경제자유구역청|청장|도건우,1100485
산업통상자원부|기획조정실장|박일준,1097744
서울특별시동대문구|구청장|유덕열,1097220
광주광역시의회|의원|조영표,1097075
제주특별자치도의회|의원|박규헌,1097020
식품의약품안전처|처장|손문기,1094060
행정자치부이북5도위원회|평안남도지사|김중양,1093656
국회|국회의원|전현희,1093451
부산광역시의회|의원|정동만,1091799
병무청|청장|박창명,1088187
국회|국회의원|김부겸,1088185
광주광역시의회|의원|문태환,1086714
국세청중부지방국세청|청장|심달훈,1083576
강원도춘천시|시장|최동용,1083488
경상북도안동시|시장|권영세,1083218
국회|국회의원|민병두,1081525
국방부|-|이종섭,1081470
금융위원회예금보험공사|사장|곽범국,1080222
전라북도순창군|군수|황숙주,1076918
행정중심복합도시건설청|차장|안시권,1076877
환경부|기획조정실장|이윤섭,1073947
교육부부경대학교|부총장|백인성,1073365
서울고등법원|부장판사|최규홍,1072587
국방부|-|장재환,1070427
전라남도의회|의원|김광준,1069215
국방부|-|이범림,1068942
국회|국회의원|이종명,1068726
경기도수원시|시장|염태영,1067634
국회|국회의원|이진복,1066737
경상남도고성군|군수|최평호,1066623
경상남도|행정부지사|류순현,1064789
국회|국회의원|김성태,1063711
대통령경호실|경호차장|이영석,1062109
농림축산식품부농림수산식품기술기획평가원|원장|오경태,1061959
국회|국회의원|김상희,1057963
금융위원회금융감독원|부원장보|천경미,1056798
법원행정처|행정관리실장|권오복,1056129
헌법재판소|재판관|김이수,1055851
서울특별시교육청|부교육감|박춘란,1055117
국회|국회의원|윤관석,1055021
국회|국회의원|문진국,1053445
경기도의회|의원|고오환,1053374
고용노동부|장관|이기권,1052760
교육부청주교육대학교|총장|윤건영,1052708
법무부법무연수원|원장|김희관,1051354
대검찰청서울고등검찰청|차장검사|차경환,1051105
국회|국회의원|이장우,1048248
서울고등법원|부장판사|이강원,1047692
농림축산식품부농림축산검역본부|본부장|박봉균,1047630
기획재정부|차관보|이찬우,1047144
경찰청|외사국장|이주민,1046930
대통령비서실|해양수산비서관|지희진,1045920
대통령비서실|외교안보수석비서관|김규현,1045595
교육부제주대학교|부총장|정광중,1044522
경상북도의회|의원|한창화,1043705
조달청|차장|지순구,1041641
제주특별자치도의회|의원|김황국,1041178
경기도의회|의원|최중성,1041044
농촌진흥청|청장|정황근,1038391
금융위원회금융감독원|부원장|서태종,1037105
경상북도영덕군|군수|이희진,1035366
국방부|합동참모의장|이순진,1033151
국회|국회의원|안호영,1031137
전라남도목포시|시장|박홍률,1030772
국회|국회의원|이채익,1030476
서울특별시의회|의원|김구현,1028984
국회|국회의원|이우현,1028669
국가인권위원회|상임위원|이경숙,1027736
서울특별시의회|의원|김창수,1027307
국회|국회의원|박준영,1025857
심재철부의장실|수석비서관|이호영,1024839
충청남도의회|의원|유익환,1024828
국회|국회의원|이철희,1023720
중소기업청|청장|주영섭,1023569
국가보훈처보훈심사위원회|위원장|이성국,1023504
충청남도아산시|시장|복기왕,1020469
충청남도의회|의원|김문규,1019800
해양수산부해양환경관리공단|이사장|장만,1019269
경찰청경남지방경찰청|청장|박진우,1016309
서울특별시의회|의원|이상묵,1016294
감사원|감사원장|황찬현,1015659
보건복지위원회|수석전문위원|김승기,1014615
충청남도청양군|군수|이석화,1011937
국회|국회의원|노회찬,1011834
강원도영월군|군수|박선규,1011022
국회|국회의원|박범계,1010713
금융위원회금융감독원|부원장보|류찬우,1010204
서울고등법원|부장판사|이원형,1008984
충청북도의회|의원|이양섭,1008276
경상북도의성군|군수|김주수,1007662
경기도의회|의원|오세영,1007526
통일부|장관|홍용표,1007408
전라북도의회|의원|강영수,1005319
국무총리비서실|실장|심오택,1002390
경상남도경남도립거창대학|총장|김정기,1000939
국방부|-|정경두,1000129
경기도의회|의원|장동길,998724
울산광역시의회|의장|윤시철,998426
국회|국회의원|김석기,996179
서울특별시의회|의원|한명희,995586
국회|국회의원|박맹우,995038
충청남도의회|의원|유찬종,994908
전라남도신안군|군수|고길호,993519
경상북도의회|의원|김창규,992062
강원도횡성군|군수|한규호,991270
외교부재외동포재단|이사장|주철기,989500
대법원|대법관|조희대,989125
법무부대한법률구조공단|이사장|이헌,985697
제주특별자치도의회|의원|오대익,985168
국회|국회의원|이양수,983472
국회|국회의원|유민봉,982359
법무부법무연수원|기획부장|이명재,982343
제주특별자치도의회|의원|안창남,982261
경찰청서울지방경찰청|청장|김정훈,981569
충청남도|도지사|안희정,981007
대전광역시의회|의원|정기현,980869
국방부|-|김해석,978468
전라북도의회|의원|최진호,976929
서울특별시의회|의원|조규영,976192
행정자치부국가기록원|원장|이상진,976139
대검찰청|과학수사부장|김영대,975442
국방부|-|박종진,975315
경찰청인천지방경찰청|청장|박경민,974949
산림청|차장|김용하,974228
농림축산식품부|장관|김재수,973859
미래창조과학부|정보통신정책실장|김용수,970636
서울고등법원|부장판사|이범균,968003
대검찰청|기획조정부장|윤웅걸,966555
국회|국회의원|김용태,966395
미래창조과학부우체국물류지원단|이사장|유천균,965911
대전고등법원|부장판사|이동근,964898
경찰청|청장|이철성,964785
농림축산식품부한국농수산대학|총장|김남수,964753
대전광역시의회|의원|송대윤,963566
강원도의회|의원|이문희,963255
경상북도의회|의원|박용선,962704
방위사업청국방기술품질원|원장|이헌곤,961185
대구광역시의회|의원|김혜정,960610
중앙선거관리위원회|상임위원|박태섭,959801
국민안전처|중앙소방본부장|조송래,958590
통일부남북회담본부|상근회담대표|이덕행,958220
서울특별시강동구|구청장|이해식,956942
문화재청한국전통문화대학교|총장|김재열,955569
국회|국회의원|박대출,955553
경상북도경주시|시장|최양식,955481
헌법재판소|재판관|이진성,953044
인천광역시의회|의원|유제홍,952413
중앙선거관리위원회|상임위원|박세각,951998
농림축산식품부|차관보|김현수,951521
국회|국회의원|경대수,949726
서울북부지방법원|법원장|노태악,948812
국회|국회의원|김영우,943599
교육부목포해양대학교|총장|최민선,943416
행정자치부국립과학수사연구원|원장|최영식,943067
교육부교원소청심사위원회|위원장|이근우,942400
경기도광명시|시장|양기대,942390
인천광역시계양구|구청장|박형우,942116
경상북도봉화군|군수|박노욱,941884
국회|국회의원|이찬열,939846
국토교통부한국철도공사|부사장|유재영,939157
충청남도서산시|시장|이완섭,939047
부산지방법원|수석부장판사|박종훈,939018
경상북도의회|의원|박정현,937680
경상북도의회|의원|곽경호,935452
대검찰청|강력부장|박민표,934696
서울특별시|국제관계대사|김창범,934572
대법원|대법관|김창석,934413
금융위원회금융감독원|부원장보|김영기,934395
서울중앙지방법원|원로법관|조용구,934354
여성가족위원회|수석전문위원|최진호,933208
국회|국회의원|김영춘,932003
부산광역시사하구|구청장|이경훈,931476
중앙선거관리위원회|상임위원|문상부,930380
대통령비서실|국민소통비서관|오도성,928613
부산광역시의회|의원|이상민,926926
문화체육관광부|제2차관|유동훈,926058
서울특별시의회|의원|박양숙,924985
경기도부천시|시장|김만수,924776
국회사무처|국회입법차장|진정구,924146
서울중앙지방법원|민사제2수석부장판사|김형두,921991
국토교통부주택도시보증공사|사장|김선덕,921709
부산광역시사상구|구청장|송숙희,917975
대통령비서실|홍보기획비서관|천영식,916274
국무총리비서실|정무실장|이종성,916221
서울고등법원|부장판사|조영철,915072
충청북도의회|의원|이의영,914388
외교통일위원회|수석전문위원|이종후,914183
국회|국회의원|이현재,913813
국회|국회의원|정갑윤,912916
충청북도의회|의원|이종욱,909154
경상북도의회|의원|장경식,907480
경상남도산청군|군수|허기도,907318
국무조정실|정부업무평가실장|이철우,906997
강원도의회|의원|안상훈,906846
서울고등법원|부장판사|김상환,906131
미래창조과학부|제2차관|최재유,905385
전라남도도립대학교|총장|김왕복,902868
경상남도의회|의원|천영기,902757
교육부한국교원대학교|총장|류희찬,902283
국방부|-|엄현성,901509
해양수산부해양수산연수원|원장|서병규,901307
경상남도의회|의장|박동식,901074
대검찰청제주지방검찰청|검사장|이석환,898799
경상북도의회|의원|김수용,898457
강원도원주시|시장|원창묵,898168
금융위원회|사무처장|김용범,895793
대전광역시교육청|교육감|설동호,894774
특허법원|수석부장판사|김환수,892104
광주광역시의회|의원|심철의,890938
국가정보원|기획조정실장|이헌수,890878
국회|국회의원|유성엽,889385
감사원|감사위원|왕정홍,887889
경기도의회|의원|안혜영,887136
경기도의회|의원|나득수,886510
국방부|군구조‧국방운영개혁추진실장|김학주,886205
경상북도의회|의원|장대진,886134
부산광역시의회|의원|신정철,885811
대법원|선임재판연구관|마용주,885459
전라남도의회|의원|주연창,884321
교육부부산대학교|부총장|주철안,884301
부산광역시부산진구|구청장|하계열,884215
인천광역시|시장|유정복,883919
인사혁신처소청심사위원회|상임위원|조명우,882910
대통령비서실|관광진흥비서관|박강섭,881439
인천지방법원|수석부장판사|이창형,880773
전라북도의회|의원|김대중,879092
전라남도의회|의원|강정희,877833
인사혁신처소청심사위원회|위원장|김승호,876823
국회|국회의원|고용진,875972
감사원|제1사무차장|강경원,875766
국회예산정책처|예산분석실장|조용복,873090
보건복지부사회보장정보원|원장|임병인,871978
대검찰청서울서부지방검찰청|검사장|공상훈,869739
경기도광주시|시장|조억동,869175
충청남도교육청|교육감|김지철,868159
울산광역시의회|의원|문석주,867752
미래창조과학부광주과학기술원|총장|문승현,867412
산업통상자원부한국원자력환경공단|이사장|이종인,867373
대구광역시교육청|교육감|우동기,866979
충청북도증평군|군수|홍성열,866707
경상남도의회|의원|강민국,866348
국방부|-|위승호,865954
울산광역시남구|구청장|서동욱,865343
인천광역시서구|구청장|강범석,865146
대전광역시중구|구청장|박용갑,865036
국토교통부한국공항공사|사장|성일환,861968
대검찰청서울북부지방검찰청|검사장|김오수,861828
서울특별시송파구|구청장|박춘희,861512
국회|국회의원|김현미,861036
대통령비서실|미래전략수석비서관|현대원,859966
경기도의회|의원|박재만,859904
대전광역시대덕구|구청장|박수범,859437
강원도의회|의원|임남규,858398
미래창조과학부한국과학기술연구원|원장|이병권,857715
서울특별시의회|의원|이승로,856209
중앙선거관리위원회|(전)상임위원|이언근,856010
국무조정실|국무조정실장|이석준,855968
전라남도의회|의원|김기태,854511
서울특별시|소방재난본부장|권순경,854421
특허청|청장|최동규,852942
고용노동부한국고용정보원|원장|이재흥,852795
서울특별시의회|의원|장우윤,852540
산업통상자원부한국전력공사|상임감사위원|이성한,852273
양형위원회|상임위원|이규진,850327
원자력안전위원회한국원자력통제기술원|원장|손재영,849190
외교부국립외교원|원장|윤덕민,849019
외교부|대사|송영완,848975
경찰청경북지방경찰청|청장|박화진,848204
경찰청|차장|김귀찬,847262
관세청서울세관|세관장|노석환,846165
교육부군산대학교|총장|나의균,845034
서울특별시의회|의원|김광수_,844521
서울특별시의회|의원|강구덕,842356
법제처|차장|황상철,842228
국회|국회의원|원혜영,842009
문화체육관광부한국영상자료원|원장|류재림,840045
국회|국회의원|박선숙,840033
전라북도의회|의원|이상현,836846
경찰청경찰교육원|원장|이중구,836561
국회|국회의원|김한정,836469
국회|국회의원|조경태,836155
경찰청경기남부지방경찰청|차장|강인철,834476
경상북도의회|의원|정상구,832938
국토교통위원회|수석전문위원|김수흥,832763
국회|국회의원|권은희,831062
정보위원회|수석전문위원|임진대,831016
경기도의회|의원|이동화,829135
국회|국회의원|하태경,826187
충청북도교육청|교육감|김병우,826129
국회|국회의원|이인영,826016
경상남도의회|의원|이성애,825059
교육부서울과학기술대학교|총장|김종호,824557
경기도평택시|시장|공재광,824408
서울고등법원|부장판사|박영재,823890
경상남도의회|부의장|정재환,823848
교육부|차관|이영,823705
대검찰청서울중앙지방검찰청|검사장|이영렬,823118
경기도고양시|시장|최성,822667
광주광역시|시장|윤장현,822525
제주특별자치도의회|의원|김경학,822089
대법원|대법관|김신,821735
춘천지방법원|법원장|김명수,821654
행정자치부|차관|김성렬,820823
민주평화통일자문회의|사무처장|권태오,820276
경기도의왕시|시장|김성제,819655
경상북도상주시|시장|이정백,818299
국회|국회의원|손금주,817584
외교부주콩고민주공화국대한민국대사관|특명전권대사|권기창,817493
중앙선거관리위원회|선거정책실장|김세환,817427
인천광역시|행정부시장|전성수,816025
대검찰청창원지방검찰청|검사장|유상범,815749
서울고등법원|부장판사|문용선,815575
인천광역시의회|의원|유일용,814867
금융위원회금융감독원|부원장보|민병현,814643
원자력안전위원회|사무처장|최종배,811891
경기도의회|의원|천동현,810561
국회|국회의원|이원욱,809856
강원도양구군|군수|전창범,807870
국회|국회의원|조승래,806816
농림축산식품부|차관|이준원,805141
전라남도화순군|군수|구충곤,804532
강원도동해시|시장|심규언,799589
국회|국회의원|조정식,798838
서울특별시의회|의원|최영수,797759
대통령비서실|여성가족비서관|김종숙,797553
국가정보원|원장|이병호,797172
산업통상자원부|통상차관보|이인호,796966
문화체육관광부국악방송|사장|송혜진,796937
경찰청대전지방경찰청|청장|이상철,796689
경상북도의회|의원|이태식,795557
경기도|황해경제자유구역청장|전태헌,795430
중앙선거관리위원회|(전)기획조정실장|정정식,795087
외교부|아프가니스탄.파키스탄특별대표|최홍기,794709
해양수산부한국수산자원관리공단|이사장|강영실,794080
대통령비서실|교육문화수석비서관|김용승,791711
서울특별시관악구|구청장|유종필,789981
충청남도|정무부지사|허승욱,789261
국회|국회의원|송석준,788019
중앙선거관리위원회|상임위원|조장연,785990
국회|국회의원|박재호,785685
경기도의회|의원|권영천,785240
서울특별시의회|의원|이숙자,785092
행정자치부|전직대통령비서관|장다사로,783680
강원도인제군|군수|이순선,783061
국회|국회의원|홍영표,782023
서울특별시금천구|구청장|차성수,781656
경상남도함안군|군수|차정섭,781097
국회|국회의원|안민석,780810
대통령비서실|과학기술비서관|김주한,779036
국회|국회의원|한정애,777823
대전광역시|국제관계대사|설경훈,776196
관세청|차장|김종열,775186
경기도화성시|시장|채인석,774212
국회|국회의원|전혜숙,773067
국회|국회의원|천정배,772522
강원도의회|의원|박현창,771606
국회|국회의원|김경진,771578
경기도의회|의원|김호겸,771253
경찰청경기북부지방경찰청|청장|이승철,770979
부산광역시교육청|교육감|김석준,770823
전라북도의회|의원|최은희,770493
부산광역시금정구|구청장|원정희,765593
국민안전처|남해해양경비안전본부장|김두석,764744
부산광역시동래구|구청장|전광우,764276
관세청대구세관|세관장|윤이근,764026
대구광역시의회|의원|윤석준,761449
경기도과천시|시장|신계용,760797
교육부충북대학교|총장|윤여표,760728
경기도의회|의원|오구환,760296
교육부한국교통대학교|총장|김영호,759362
충청남도의회|의원|송덕빈,759285
기획재정부|민관합동창조경제추진단장|조봉환,759148
부산광역시의회|의원|조정화,758736
새만금개발청|청장|이병국,758513
전라북도완주군|군수|박성일,758075
강원도의회|의원|최명서,757706
경기도의회|의원|이필구,756748
경상북도|행정부지사|김장주,756507
국회|국회의원|강병원,754761
경상남도의회|의원|박병영,752126
교육부한경대학교|총장|태범석,751657
국민권익위원회|상임위원|김대희,751395
국회|국회의원|최인호,750392
기획재정부|부총리겸장관|유일호,748970
경상북도경산시|시장|최영조,748631
국회입법조사처|관리관|문병철,747175
교육부국가평생교육진흥원|원장|기영화,747001
국회|국회의원|정춘숙,745889
충청북도의회|의원|최광옥,745614
경찰청전남지방경찰청|청장|강성복,744682
부산광역시의회|의원|김진홍,743623
부산광역시의회|의원|윤종현,742113
국방부|-|장준규,741720
경기도의회|의원|최재백,741391
세종특별자치시의회|의원|임상전,740718
경상북도의회|의원|이동호,740702
전라북도장수군|군수|최용득,740432
울산지방법원|법원장|이기광,739255
전라남도의회|의원|윤문칠,738938
광주광역시의회|의원|서미정,738774
경기도|행정2부지사|양복완,738351
충청북도충주시|시장|조길형,738276
중앙선거관리위원회|기획조정실장|문병길,738128
경기도의회|의원|박근철,736956
법무부|차관|이창재,736574
강원도의회|의원|권석주,735714
대구광역시|행정부시장|김승수,735566
국민안전처|재난관리실장|김희겸,735489
경상남도의회|의원|허좌영,735380
경기도의회|의원|김준연,734271
농림축산식품부한국마사회|부회장|김영규,733637
서울고등법원|부장판사|배형원,731744
경상북도의회|의원|이수경,731476
서울특별시의회|의원|문영민,731298
국토교통부한국시설안전공단|이사장|강영종,730351
국회|국회의원|박순자,730099
서울회생법원|수석부장판사|정준영,730064
국방부|-|김병주,729919
해양수산부|장관|김영석,729794
국가보훈처|처장|박승춘,728557
대구고등법원|법원장|사공영진,728250
제주특별자치도의회|의원|하민철,727387
대통령비서실|인사비서관|이지헌,726567
경기도군포시|시장|김윤주,725613
서울고등법원|부장판사|이동원,725082
국회|국회의원|김경협,723315
국방부|-|구홍모,721816
여성가족부|차관|권용현,720428
통일부|기획조정실장|김의도,719684
국회|국회의원|원유철,719452
대구광역시의회|의원|김의식,718947
방위사업청국방과학연구소|소장|김인호,717162
경찰청|기획조정관|조현배,716133
경기도의회|의원|김윤진,715844
경상북도의회|의원|박문하,712714
서울특별시도봉구|구청장|이동진,711655
충청남도홍성군|군수|김석환,710740
전라남도의회|의원|민병흥,710723
국회|국회의원|박주민,710134
서울특별시교육청|교육감|조희연,710083
기상청|청장|고윤화,709407
제주특별자치도의회|의원|강시백,708891
대통령비서실|민원비서관|최태현,708412
충청남도의회|의원|맹정호,708385
국회입법조사처|경제산업조사실장|송대호,707460
경상북도의회|의원|이홍희,707080
경상남도의회|의원|전현숙,706718
대전광역시의회|의원|박상숙,706575
경상남도하동군|군수|윤상기,706180
울산광역시의회|의원|허령,705212
국회|국회의원|유승희,704965
산업통상자원부한국광물자원공사|사장|김영민,703308
미래창조과학부한국정보화진흥원|원장|서병조,702615
전라남도함평군|군수|안병호,701151
국회|국회의원|김상훈,700812
부산광역시|부산진해경제자유구역청장|진양현,698990
경찰청제주지방경찰청|청장|이상정,697944
대통령비서실|고용노동비서관|이성희,697300
국민권익위원회|상임위원|소기홍,696719
한국방송공사|사장|고대영,695827
강원도의회|의원|구자열,693857
경상남도의회|의원|조선제,693782
국방부|-|이건완,693706
국방부|-|박찬주,690583
광주광역시광산구|구청장|민형배,688776
대전광역시동구|구청장|한현택,686790
인천광역시남구|구청장|박우섭,686118
헌법재판소|헌법재판연구원장|전광석,685353
경기도의회|의원|이영희,685032
환경부한국환경공단|이사장|전병성,684813
부산광역시의회|의원|김영욱,684612
국민안전처|안전정책실장|정종제,681004
서울고등법원|부장판사|이원범,680950
미래창조과학부|제1차관|홍남기,679327
울산광역시북구|구청장|박천동,679271
충청북도의회|의원|이숙애,677995
충청남도의회|의원|홍성현,677886
서울특별시|안전총괄본부장|김준기,677690
산업통상자원위원회|수석전문위원|김병선,677641
대구고등법원|부장판사|임상기,677167
국무조정실|국무2차장|노형욱,676873
서울특별시의회|의원|장흥순,676705
충청북도의회|의원|임병운,675773
인천광역시|정무경제부시장|조동암,674646
광주광역시교육청|교육감|장휘국,674389
전라북도교육청|교육감|김승환,674056
미래창조과학부한국천문연구원|원장|한인우,672586
부산광역시의회|의원|박광숙,672436
충청남도예산군|군수|황선봉,671473
경상남도의회|의원|황대열,669727
충청남도의회|의원|김복만,668897
헌법재판소|(전)기획조정실장|김정성,666007
국회|국회의원|송기석,665567
부산광역시수영구|구청장|박현욱,665257
법무부|출입국‧외국인정책본부장|김우현,665015
대검찰청인천지방검찰청|검사장|이금로,663872
환경노동위원회|수석전문위원|손충덕,660760
국회|국회의원|황영철,660521
경기도의회|의원|박옥분,659690
국회|국회의원|김종회,659000
인천지방법원|법원장|김인욱,658643
외교부|대사|박효성,656001
행정자치부|지방행정실장|심덕섭,655126
경상북도의회|의원|김지식,655098
문화체육관광부한국저작권위원회|위원장|임원선,654596
국회|국회의원|정병국,654362
미래창조과학부국가과학기술연구회|이사장|이상천,654175
국민권익위원회|기획조정실장|권태성,653729
서울특별시의회|의원|문상모,653338
광주고등법원|부장판사|박병칠,653206
대구광역시의회|의원|도재준,652654
세종특별자치시의회|의원|이충열,652481
농촌진흥청농업기술실용화재단|이사장|류갑희,651026
국회|국회의원|김기선,650828
교육문화체육관광위원회|수석전문위원|정재룡,649284
경상북도의회|의원|홍진규,649102
제주특별자치도|행정부지사|전성태,648952
서울특별시의회|의원|박준희,648911
국회|국회의원|김태년,648146
교육부목포대학교|총장|최일,646272
국방부|-|이상훈,645664
국회사무처|법제실장|박기영,645642
충청북도의회|의원|윤홍창,644885
국회|국회의원|이태규,644517
기상청|차장|남재철,643688
제주특별자치도의회|의원|부공남,642894
충청남도금산군|군수|박동철,642659
환경부국립환경과학원|원장|박진원,641932
광주광역시의회|의원|김민종,641067
중앙선거관리위원회|상임위원|우근학,639143
경상북도의회|의원|황이주,638153
서울특별시의회|의원|김상훈,637940
울산광역시의회|의원|문병원,636394
국회|국회의원|최도자,633844
중앙선거관리위원회|상임위원|이재화,632884
산업통상자원부한국광물자원공사|상임감사위원|김현장,632494
산업통상자원부한국가스공사|상임감사위원|김흥기,632197
농촌진흥청국립농업과학원|원장|이진모,631721
미래창조과학부한국식품연구원|원장|박용곤,631348
국회|국회의원|김태흠,631291
안전행정위원회|수석전문위원|박수철,630875
해양수산부|차관|윤학배,630026
기획재정부한국조폐공사|사장|김화동,627838
울산광역시중구|구청장|박성민,627151
경기도의회|의원|류재구,626826
제주특별자치도의회|의원|강익자,625930
대전광역시의회|의원|구미경,625709
대구광역시중구|구청장|윤순영,625453
대통령비서실|경제금융비서관|김철주,625211
국회|국회의원|유의동,624382
문화재청|차장|박영근,622542
교육부한국교육학술정보원|원장|한석수,622318
경찰청|생활안전국장|김기출,621918
울산광역시|행정부시장|허언욱,620732
기획재정위원회|수석전문위원|김광묵,620311
부산광역시의회|의원|박대근,620183
제주특별자치도의회|의원|고용호,619843
국회|국회의원|이정현,619363
부산광역시의회|의원|이해동,616769
산업통상자원부|에너지자원실장|김학도,616077
인사혁신처소청심사위원회|상임위원|홍성삼,613606
대구고등법원|부장판사|정용달,613535
세종특별자치시교육청|교육감|최교진,611664
서울특별시의회|의원|전철수,611436
의정부지방법원|법원장|정종관,607863
세종특별자치시의회|의원|김원식,607266
국회|국회의원|김영호,606464
산업통상자원부|제1차관|정만기,606141
국방부|-|김용현,605510
울산광역시|경제부시장|오규택,605327
서울특별시의회|의원|김광수,605175
서울특별시강북구|구청장|박겸수,604811
부산광역시남구|구청장|이종철,604369
국회|국회의원|김종대,603959
부산광역시의회|의원|이희철,603460
서울특별시성동구|구청장|정원오,602317
전라남도교육청|교육감|장만채,601962
산업통상자원부|장관|주형환,600881
국토교통부한국도로공사|상임감사위원|박부용,600564
충청남도의회|의원|장기승,600445
서울특별시의회|의원|박기열,598576
전라남도보성군|군수|이용부,596683
강원도철원군|군수|이현종,595974
충청남도의회|의원|이용호,594826
중앙선거관리위원회|상임위원|이계형,594640
대전고등법원|수석부장판사|허용석,591963
국회|국회의원|김현권,591415
국회|국회의원|노웅래,589563
경상북도의회|의원|남천희,588148
경상남도의회|의원|박정열,588010
교육부경상대학교|부총장|강길중,586962
교육부공주교육대학교|총장|안병근,586430
서울특별시의회|의원|이정훈,586108
경상남도의회|의원|김부영,585147
서울특별시은평구|구청장|김우영,584632
국회|국회의원|김영진,584318
경찰청|보안국장|배용주,583924
충청북도의회|의원|정영수,583862
경기도의회|의원|민병숙,583659
국회|국회의원|김해영,583488
국토교통부주택도시보증공사|상임감사위원|조재훈,582293
경상북도칠곡군|군수|백선기,581707
경기도의회|의원|한이석,579749
경기도의회|의원|임병택,578432
부산고등법원|수석부장판사|김형천,577748
서울특별시영등포구|구청장|조길형,577281
교육부|대학정책실장|배성근,577151
경상남도의회|의원|박금자,576799
부산가정법원|법원장|문형배,575944
국회|국회의원|이춘석,575652
대검찰청서울고등검찰청|검사장|박성재,575594
문화체육관광부예술의전당|사장|고학찬,575304
정무위원회|수석전문위원|전상수,574817
통계청|차장|정규남,574735
경찰청경기남부지방경찰청|청장|김양제,574630
국토교통부한국토지주택공사|사장|박상우,572151
서울특별시양천구|구청장|김수영,569163
국무조정실대테러센터|센터장|문영기,566544
경상남도의회|의원|옥영문,566317
경상북도의회|의원|윤창욱,566026
경기도의회|의원|권미나,565774
감사원|감사위원|김상규,565325
경기도의회|의원|송영만,564750
통일부|차관|김형석,564557
방송통신위원회|상임위원|고삼석,564485
경기도의정부시|시장|안병용,564224
전라남도의회|의원|윤도현,564122
국회|국회의원|표창원,563983
부산광역시의회|의원|이진수,563720
경기도오산시|시장|곽상욱,563588
강원도의회|의원|심영곤,562852
광주광역시의회|의원|이정현,562599
전라남도의회|의원|윤시석,561812
국회|국회의원|조원진,560491
박주선부의장실|수석비서관|이영훈,560313
경기도의회|의원|송순택,560298
국무조정실조세심판원|원장|심화석,560008
부산광역시의회|의원|김쌍우,559662
서울특별시의회|의원|신건택,559524
윤리특별위원회|수석전문위원|이인섭,559420
경상북도의회|의원|김인중,558879
경기도교육청|교육감|이재정,558590
국회|국회의원|남인순,558380
광주광역시남구|구청장|최영호,558333
문화체육관광부|국민소통실장|박영국,557992
경기도의회|의원|염동식,556584
행정자치부이북5도위원회|평안북도지사|김영철,554993
서울특별시의회|의원|김기대,554879
충청북도의회|의원|황규철,554245
서울특별시의회|의원|박성숙,554096
강원도의회|의원|이종주,553849
전라북도의회|의원|이해숙,553161
교육부강원대학교|부총장|이현창,552945
중앙선거관리위원회|상임위원|진종호,551731
강원도의회|의원|최성현,551185
국회|국회의원|김선동,549415
통일부남북회담본부|본부장|한기수,548794
서울특별시의회|의원|서영진,547495
충청북도단양군|군수|류한우,546617
농림축산식품부농업협동조합중앙회|회장|김병원,546198
서울특별시의회|의원|권미경,542457
국회|국회의원|백혜련,541947
세종특별자치시의회|의원|김선무,541927
강원도의회|의원|김시성,540656
경기도의회|의원|김성태,539735
세종특별자치시의회|의원|서금택,538812
국회|국회의원|박용진,537999
국회|국회의원|채이배,537739
전라남도담양군|군수|최형식,537647
경기도의회|의원|박동현,537117
대전광역시의회|의원|김종천,534388
서울중앙지방법원|민사제1수석부장판사|김정만,534380
대검찰청춘천지방검찰청|검사장|최종원,531707
충청북도의회|의원|장선배,531427
관세청부산세관|세관장|조훈구,531278
서울특별시의회|의원|김종욱,528922
대통령비서실|행정자치비서관|김석진,528521
관세청울산세관|세관장|김영균,528234
대전광역시의회|의원|조원휘,527095
경상북도군위군|군수|김영만,526207
전라남도의회|의원|박현호,525453
인천광역시의회|의원|이영훈,525242
울산광역시의회|의원|박학천,523509
경기도의회|의원|임두순,522507
서울특별시|여성가족정책실장|엄규숙,520168
산업통상자원부한국서부발전(주)|상임감사위원|박대성,519543
충청북도의회|의원|윤은희,519319
충청북도의회|의원|강현삼,518171
국회|국회의원|임이자,517978
해양수산부|기획조정실장|전기정,517188
경찰청충남지방경찰청|청장|김재원,517075
산림청|청장|신원섭,516999
충청남도의회|의원|정광섭,516444
전라남도의회|의원|이민준,516374
법무부|범죄정책예방국장|이상호,515838
대전광역시의회|의원|윤기식,515100
부산광역시의회|의원|오보근,513831
서울특별시의회|의원|김선갑,513798
강원도의회|의원|신도현,513517
충청북도의회|의원|임순묵,513422
경상남도의회|의원|박준,513153
외교부주호주연방대한민국대사관|특명전권대사|우경하,512748
대구광역시의회|의원|오철환,512157
경기도의회|의원|김영협,511813
강원도의회|의원|한금석,511743
교육부|학교정책실장|금용한,511608
대전광역시유성구|구청장|허태정,510779
서울고등법원|부장판사|유해용,509998
강원도의회|의원|장세국,509347
환경부|환경정책실장|이민호,507134
농림축산식품해양수산위원회|수석전문위원|임익상,501304
충청북도의회|의원|박봉순,501004
국회|국회의원|신상진,499334
대구광역시의회|의원|이재화,497379
국회|국회의원|김성원,496673
국방부|-|김황록,495565
중앙선거관리위원회|상임위원|유병길,495482
전라남도의회|의원|고경석,495333
국회|국회의원|서청원,494038
인천광역시의회|의원|김경선,493912
대구광역시서구|구청장|류한국,492128
울산광역시의회|의원|한동영,491603
전라남도|행정부지사|김갑섭,491532
문화체육관광부서울올림픽기념국민체육진흥공단|이사장|이창섭,488726
국회|국회의원|이은권,487834
산업통상자원부|산업정책실장|강성천,487420
경상남도의회|의원|박삼동,487353
국회|국회의원|윤영석,487257
강원도의회|의원|함종국,486604
경기도의회|의원|민경선,485768
부산고등법원|부장판사|손지호,485118
경기도의회|의원|조광명,483534
대전광역시의회|의원|권중순,480087
국회|국회의원|박완주,479907
서울고등법원|부장판사|김용석,478468
전라남도의회|의원|서정한,478023
울산광역시의회|의원|송병길,477786
제주특별자치도|감사위원회위원장|오창수,477570
경기도의회|의원|김영환,475767
전라북도의회|의원|이현숙,475543
경상남도의회|의원|이병희,474865
제주특별자치도의회|의원|김태석,473551
대전광역시의회|의원|김경시,473311
국회|국회의원|강석진,472584
국회|국회의원|김성수,472322
광주고등법원|부장판사|최인규,471489
대전광역시서구|구청장|장종태,471057
경기도양주시|시장|이성호,469834
인천광역시의회|의원|박종우,469417
인천광역시동구|구청장|이흥수,469093
인천광역시의회|의원|공병건,464837
강원도의회|의원|오세봉,464538
전라남도강진군|군수|강진원,464485
경기도의회|의원|국은주,464227
경기도의회|의원|송한준,463842
경기도의회|의원|서진웅,463799
부산광역시의회|의원|신현무,463587
사법연수원|수석교수|유상재,463479
국회|국회의원|우상호,463282
서울특별시의회|의원|박운기,462257
세종특별자치시|행정부시장|한경호,461972
울산광역시의회|의원|강대길,461270
경상남도의회|의원|이상철,461188
전라남도장흥군|군수|김성,460870
외교부|대사|이욱헌,460824
전라남도의회|의원|정영덕,460438
충청북도의회|의원|연철흠,460376
경상북도의회|의원|이진락,459817
전라남도고흥군|군수|박병종,459391
충청남도의회|의원|김홍열,459362
보건복지부|인구정책실장|이동욱,459053
경찰청강원지방경찰청|청장|최종헌,457976
인천광역시의회|의원|박영애,457587
경상북도영주시|시장|장욱현,455446
서울특별시구로구|구청장|이성,455400
국토교통부|항공정책실장|서훈택,455095
부산광역시북구|구청장|황재관,453551
중앙선거관리위원회|(전)상임위원|엄흥석,452245
여성가족부|청소년가족정책실장|손애리,451585
경기도의회|의원|김보라,449838
헌법재판소|기획조정실장|임종성,448317
전라북도의회|의원|송지용,447835
충청남도의회|의원|윤지상,447744
서울특별시의회|의원|오승록,446282
행정자치부|기획조정실장|심보균,446097
인천광역시의회|의원|이강호,445909
경기도의회|의원|최호,444066
경상남도의회|의원|예상원,443854
서울특별시의회|의원|이신혜,442968
충청북도의회|의원|박종규,442821
경상남도의회|의원|이성용,442421
서울고등법원|부장판사|임성근,441819
전라남도의회|의원|이경동,439707
광주광역시동구|구청장|김성환,438279
국회|국회의원|김민기,435820
경상북도청송군|군수|한동수,435438
경기도의회|의원|김규창,434995
제주지방법원|법원장|최인석,434881
관세청광주세관|세관장|서정일,434037
국회|국회의원|양승조,434004
서울특별시의회|의원|김춘수,433161
국방부|-|임호영,431699
경상북도의회|의원|고우현,431243
부산광역시의회|의원|공한수,431126
강원도의회|의원|심영섭,430886
경상북도의회|의원|이영식,430779
서울특별시의회|의원|김인호,430185
국민안전처|치안정감|최상환,427373
국민권익위원회|상임위원|신근호,425421
국회|국회의원|제윤경,425373
국회|국회의원|송영길,424935
경기도동두천시|시장|오세창,424890
국토교통부|제2차관|최정호,424160
대구광역시북구|구청장|배광식,423988
중앙선거관리위원회|상임위원|윤석근,423740
서울특별시의회|의원|신언근,423050
전라남도의회|의원|오미화,422773
서울특별시의회|의원|김용석,421496
국회|국회의원|함진규,421061
전라북도의회|의원|최인정,420275
경찰청전북지방경찰청|청장|조희현,420128
강원도정선군|군수|전정환,419039
세종특별자치시의회|의원|안찬영,418981
대구광역시의회|의원|배재훈,418218
법원행정처|기획조정실장|이민걸,415754
대전광역시의회|의원|윤진근,415457
기획재정부|지역발전기획단장|송병선,414766
산업통상자원부대한석탄공사|상임감사|유운영,414719
국회|국회의원|설훈,414248
국방부|-|김영식,414190
충청북도충북도립대학|총장|함승덕,414190
국민안전처|중부해양경비안전본부장|이원희,414094
경기도의회|의원|윤화섭,412239
대검찰청대전고등검찰청|차장검사|김기동,412083
통일부북한이탈주민지원재단|이사장|손광주,411663
행정자치부지방자치발전기획단|단장|박동훈,410840
광주광역시의회|의원|주경님,410637
교육부순천대학교|총장|박진성,410596
전라북도의회|의원|장학수,407571
공정거래위원회|상임위원|신동권,406613
국회|국회의원|위성곤,406189
산업통상자원부한국동서발전(주)|상임감사위원|김오영,404732
대통령비서실|재난안전비서관|김계조,404183
국방부|전력자원관리실장|강병주,403289
서울특별시광진구|구청장|김기동,403034
강원도의회|의원|곽영승,400888
경기도의회|의원|최춘식,399977
강원도교육청|교육감|민병희,399927
국회|국회의원|엄용수,398644
충청남도논산시|시장|황명선,398517
제주특별자치도의회|의원|이선화,398022
강원도의회|의원|김금분,397957
경기도의회|의원|문경희,397748
경찰청|정보국장|정창배,397682
국회|국회의원|송옥주,396619
강원도의회|의원|김기철,395925
울산광역시의회|의원|김정태,394219
대구광역시의회|의원|최광교,392519
강원도의회|의원|박길선,391921
부산광역시의회|의원|김진영,391346
보건복지부한국장애인개발원|원장|황화성,389815
공정거래위원회|위원장|정재찬,388921
경상북도의회|의원|윤성규,388756
중앙선거관리위원회|상임위원|추형관,388656
대전광역시의회|의장|김경훈,387795
대구광역시달서구|구청장|이태훈,386800
울산광역시의회|의원|변식룡,385344
인천광역시의회|의원|김정헌,383769
경기도의회|의원|양근서,383171
국회|국회의원|김정재,381366
경상북도고령군|군수|곽용환,381347
문화체육관광부정동극장|극장장|손상원,380559
경기도양평군|군수|김선교,380405
전라남도의회|의원|이혜자,379491
인천광역시의회|의원|조계자,379413
교육부안동대학교|총장|권태환,378686
전라북도의회|의원|이성일,376344
중앙선거관리위원회|선거정책실장|김신기,376203
경기도가평군|군수|김성기,375674
경상남도의회|의원|이만호,375587
대구광역시의회|의원|조홍철,375582
경기도의회|의원|김달수,374400
서울특별시강서구|구청장|노현송,374078
국회|국회의원|김종민,372683
국회|국회의원|김두관,372501
대전광역시의회|의원|김인식,372293
서울특별시의회|의원|김인제,371369
중앙선거관리위원회|(전)상임위원|정영택,370164
교육부춘천교육대학교|총장|이면우,369337
충청북도음성군|군수|이필용,368816
중앙선거관리위원회|(전)상임위원|이재태,368340
부산광역시의회|의원|황대선,367674
제주특별자치도의회|의원|이상봉,366876
국회|국회의원|김경수,366451
강원도의회|의원|권혁열,364581
울산광역시의회|의원|고호근,363300
국방부|-|박한기,363126
전라남도의회|의원|송형곤,362867
충청남도의회|의원|조길행,362783
서울특별시의회|의원|최웅식,361427
경기도의회|의원|염종현,361346
경상북도의회|의원|김명호,360526
충청북도옥천군|군수|김영만,360362
국회|국회의원|이명수,360274
충청북도의회|의원|박한범,360157
경기도|재난안전본부장|강태석,357587
서울특별시의회|의원|김태수,356641
서울특별시의회|의원|신원철,356630
경기도의회|의원|김유임,356366
특허청|차장|이영대,354314
인천광역시의회|의원|노경수,352875
경상남도합천군|군수|하창환,352654
국무조정실|국무1차장|오균,351291
경기도의회|의원|이정훈,350809
국회|국회의원|심상정,350788
경상북도의회|의원|장두욱,350355
국회|국회의원|전재수,348892
인천광역시의회|의원|허준,347836
인천광역시옹진군|군수|조윤길,347285
경상남도의회|의원|정판용,347159
경기도의회|의원|원미정,346813
서울특별시성북구|구청장|김영배,345143
전라남도의회|의원|강정일,343398
충청남도의회|의원|홍재표,343012
서울고등법원|부장판사|성지용,342473
경상남도의회|부의장|최진덕,341671
중앙선거관리위원회|(전)상임위원|양금석,339323
서울특별시의회|의원|유동균,338482
광주지방법원|수석부장판사|최수환,338204
강원도의회|의원|원강수,336990
서울특별시의회|의원|송재형,336214
경기도의회|의장|정기열,336190
제주특별자치도의회|의원|허창옥,335195
교육부부산교육대학교|총장|하윤수,335190
서울특별시의회|의원|성백진,334739
미래창조과학방송통신위원회|수석전문위원|권기원,334046
국민안전처|소방정감|박두석,333137
충청남도의회|의원|전낙운,332691
광주광역시의회|의원|김동찬,332474
강원도의회|의원|박윤미,332156
문화체육관광부|종무실장|김재원,331960
서울특별시|행정2부시장|이제원,331581
강원도의회|의원|유정선,331542
전라남도의회|의원|강성휘,330692
부산광역시의회|의원|손상용,330467
국민안전처|장관|박인용,329850
감사원|감사교육원장|손창동,329568
서울특별시동작구|구청장|이창우,329080
국회|국회의원|윤종오,328946
경상북도의회|의원|배한철,328823
전라북도의회|의원|양용호,328743
서울특별시의회|의원|우형찬,327396
경기도의회|의원|김광철,327334
경기도의회|의원|서영석,326093
서울특별시의회|사무처장|김경호,324573
경기도의회|의원|박순자,323249
서울특별시의회|의원|김동율,323231
중앙선거관리위원회|(전)상임위원|정성종,322781
전라북도의회|의원|국주영은,322472
대구광역시의회|의원|김재관,322243
충청남도의회|의원|오인철,321509
전라남도의회|의원|최대식,321369
미래창조과학부우정사업본부|본부장|김기덕,321284
세종특별자치시|감사위원회위원장|장진복,321220
경기도의회|의원|배수문,321131
의장비서실|정책수석비서관|정성표,320935
대전광역시의회|의원|박정현,318559
대통령비서실|통일비서관|김기웅,318526
전라남도의회|의원|이경미,317313
전라남도의회|의원|임흥빈,315717
전라북도의회|의원|이도영,314874
국회|국회의원|윤소하,314544
국민권익위원회|부위원장겸사무처장|김인수,313665
서울고등법원|부장판사|조한창,312039
경상북도의회|의원|최병준,311752
국회|국회의원|서형수,309896
여성가족부한국건강가정진흥원|이사장|김태석,309080
인천광역시의회|의원|신영은,309051
경기도의회|의원|김동규,307157
광주고등법원|부장판사|노경필,304101
대변인실|대변인|김영수,304077
서울특별시의회|의원|김희걸,303268
경기도의회|의원|김종석,303063
전라남도의회|의원|박동수,303027
충청북도의회|의원|김봉회,302381
경기도의회|의원|김원기,302261
울산광역시동구|구청장|권명호,301158
국방부|-|조현천,301113
제주특별자치도의회|의원|홍경희,300948
국회|국회의원|권미혁,300388
서울특별시의회|의장|양준욱,299236
인천광역시의회|의원|이용범,298954
국회|국회의원|김성식,298876
대전광역시의회|의원|전문학,298379
부산광역시의회|의원|황보승희,298320
경상남도의회|의원|이규상,298295
대구광역시의회|의원|이귀화,298260
경기도안산시|시장|제종길,298116
제주특별자치도의회|의원|김용범,297857
전라남도의회|의원|곽영체,295939
부산광역시의회|의원|김진용,294916
서울고등법원|부장판사|윤종구,293648
강원도|행정부지사|배진환,293370
경기도의회|의원|남종섭,292591
중앙선거관리위원회|(전)상임위원|장용훈,291583
경상남도의회|의원|박우범,291242
국토교통부중앙토지수용위원회|상임위원|김재정,291030
미래창조과학부한국화학연구원|원장|이규호,290351
경기도여주시|시장|원경희,289921
경상북도청도군|군수|이승율,289111
경기도의회|의원|이상희,287148
대전광역시의회|의원|황인호,286875
경상북도의회|의원|박현국,286485
충청북도제천시|시장|이근규,286279
강원도의회|의원|진기엽,286099
전라남도의회|의원|이준호,285113
강원도화천군|군수|최문순,284932
서울특별시의회|의원|김창원,282678
광주광역시의회|의원|전진숙,281273
국토교통부한국공항공사|상임감사위원|정오규,280388
국회|국회의원|이정미,280249
경상남도창녕군|군수|김충식,279545
서울특별시의회|의원|김정태,278746
전라북도의회|의장|황현,277296
서울특별시의회|의원|오경환,276791
경기도의회|의원|조재훈,276194
광주광역시의회|의원|유정심,275637
중앙선거관리위원회|사무차장|박영수,272773
서울특별시의회|의원|김진철,272155
대통령비서실|농축산식품비서관|허태웅,271116
전라북도의회|의원|최영규,270030
국회도서관|의회정보실장|임재주,269252
전라남도의회|의원|김옥기,268558
인천광역시의회|의원|차준택,267504
경기도의회|의원|박용수,267461
국회|국회의원|권칠승,267294
경상남도의회|의원|김진부,267106
서울특별시의회|의원|박마루,267060
경상남도의회|의원|김성준,264718
전라남도의회|의원|박철홍,264066
전라남도의회|의원|이장석,263725
대구광역시의회|의원|최길영,263645
보건복지부|사회복지정책실장|김원득,263415
경상북도의회|의원|배영애,261088
국회|국회의원|김광수,261036
서울특별시의회|의원|박진형,260973
전라북도의회|의원|양성빈,259929
서울특별시의회|의원|김제리,257702
인천광역시의회|의원|신은호,257635
경기도의회|의원|김진경,255114
경기도의회|의원|천영미,254609
경상남도의회|의원|제정훈,254080
전라북도의회|의원|정호영,252394
중앙선거관리위원회|(전)상임위원|이성룡,251425
경찰청광주지방경찰청|청장|이기창,250833
국회|국회의원|어기구,250607
전라남도의회|의원|박철홍_,250025
전라남도의회|의원|서동욱,248359
통일부북한이탈주민정착지원사무소|소장|임병철,246893
인천광역시의회|의원|박승희,246632
전라북도의회|의원|양용모,245887
서울특별시의회|의원|이성희,245839
제주특별자치도의회|의원|김희현,245560
충청북도의회|의원|임회무,244681
국민안전처|해양경비안전조정관|이춘재,243406
산업통상자원부한국동서발전(주)|사장|김용진,243038
서울고등법원|부장판사|윤성원,241907
대구광역시의회|의장|류규하,241879
중소기업청|차장|최수규,240416
교육부전북대학교|총장|이남호,238967
전라북도의회|의원|이호근,238234
인사혁신처국가공무원인재개발원|원장|옥동석,237440
대전광역시의회|의원|안필응,237235
충청북도의회|의원|이광희,237224
전라남도의회|의원|임용수,236924
울산광역시의회|의원|김종래,236514
대전광역시의회|의원|김동섭,235449
국회|국회의원|박홍근,233692
제주특별자치도교육청|교육감|이석문,232030
전라북도전주시|시장|김승수,230786
산업통상자원부한국남부발전(주)|사장|윤종근,230370
국회|국회의원|최경환_,230028
충청남도의회|의장|윤석우,228197
경상남도의회|의원|김윤근,227920
강원도의회|의원|홍성욱,227410
강원도의회|의원|김용래,226566
대전광역시의회|의원|박혜련,225075
강원도의회|의원|조영기,222789
경기도의회|의원|김현삼,222439
대구광역시의회|의원|박일환,222395
국토교통부한국수자원공사|상임감사위원|최호상,221673
국회|국회의원|유은혜,220792
산림청산림조합중앙회|회장|이석형,220600
전라남도의회|의원|권애영,218861
외교부|경제외교조정관|이태호,217485
강원도의회|의원|신영재,217243
전라남도의회|의원|정병회,217094
서울고등법원|부장판사|천대엽,216640
전라남도의회|의원|김탁,215644
국가보훈처|차장|최완근,214988
경상북도의회|의원|남진복,214350
경상남도의회|의원|장동화,214014
부산광역시의회|의원|박성명,213855
전라북도의회|의원|강병진,213399
국회사무처|의장비서실장|김교흥,213087
산업통상자원부한국중부발전(주)|상임감사위원|김선우,211991
국회|국회의원|전희경,211227
경상북도의회|의원|도기욱,209577
국회|국회의원|강훈식,209253
대구광역시의회|의원|장상수,208755
경기도의회|의원|정대운,207288
제주특별자치도의회|의원|구성지,206036
경상북도의회|의원|김위한,205564
중앙선거관리위원회|상임위원|이재후,205135
전라남도의회|의원|임영수,205022
국회|국회의원|이재정,204815
경상북도의회|의원|장용훈,204345
경상남도의회|의원|여영국,203503
농림축산식품부농업협동조합중앙회|감사위원장|홍병천,202533
국회|국회의원|임종성,202428
전라북도의회|의원|최영일,202313
해양수산부한국해양과학기술원|원장|홍기훈,201076
금융위원회금융감독원|원장|진웅섭,200949
경기도의회|의원|박창순,198891
국방부|-|김용우,197491
경상북도울진군|군수|임광원,197304
전라남도의회|의원|우승희,197044
충청북도의회|의원|엄재창,196975
국회|국회의원|추혜선,196489
전라북도의회|의원|정호윤,195210
서울특별시|정무부시장|하승창,192980
고용노동부한국장애인고용공단|이사장|박승규,192339
충청북도보은군|군수|정상혁,191373
경상북도의회|의원|김종영,189765
경기도의회|의원|최종환,189243
중앙선거관리위원회|상임위원|조원봉,188591
전라남도의회|의원|김성일,188244
더불어민주당|정책연구위원|신정훈,188040
전라북도의회|의원|정진세,187104
서울특별시마포구|구청장|박홍섭,186385
경기도의회|의원|서형열,186176
제주특별자치도의회|의원|강연호,185321
세종특별자치시의회|의원|이경대,184496
경기도의회|의원|이효경,184070
강원도의회|의원|강청룡,183344
전라남도완도군|군수|신우철,182331
충청북도의회|의원|김학철,181230
경상북도의회|의원|강영석,180799
서울특별시의회|의원|조상호,179177
인천광역시의회|의원|김진규,179065
대구광역시의회|의원|김규학,178791
강원도의회|의원|김규태,178583
전라북도의회|의원|송성환,178239
전라북도의회|의원|허남주,177628
더불어민주당|정책연구위원|고재룡,177138
전라북도의회|의원|강용구,177060
경기도의회|의원|이정애,176031
전라남도의회|의원|장일,175479
서울특별시의회|의원|김문수,172399
경상남도의회|의원|김지수,171501
전라남도의회|의원|배종범,170564
국회|국회의원|김종훈,169916
경기도의회|의원|김시용,169371
경기도의회|의원|김지환,168114
제주특별자치도|정무부지사|김방훈,166729
경기도의회|의원|박형덕,166071
경상남도의회|의원|양해영,166050
서울특별시의회|의원|김미경,165915
경상남도의회|의원|박해영,165910
경기도의회|의원|정윤경,165344
전라남도곡성군|군수|유근기,164960
전라남도의회|의원|이동권,164259
국토교통부한국수자원공사|사장|이학수,163268
경기도의회|의원|임동본,162089
경기도의회|의원|안승남,159748
강원도양양군|군수|김진하,158724
전라북도의회|의원|김현철,157339
경상남도남해군|군수|박영일,156780
부산광역시의회|의원|이상호,155380
인천광역시의회|의원|이한구,154753
충청남도의회|의원|서형달,153915
충청남도계룡시|시장|최홍묵,152666
국회|국회의원|안상수,152229
전라북도익산시|시장|정헌율,150472
국회|국회의원|신보라,149783
경기도의회|의원|조광주,148990
경기도의회|의원|윤재우,147952
강원도삼척시|시장|김양호,145397
제주특별자치도의회|의원|박원철,145346
전라남도의회|의원|양영복,144410
충청남도당진시|시장|김홍장,144315
광주광역시의회|의원|조세철,143847
울산광역시의회|의원|배영규,143497
충청남도의회|의원|김명선,143447
국회|국회의원|장정숙,141241
서울특별시의회|의원|김동욱,140616
경상남도의회|의원|안철우,140582
국방부|-|정진섭,138522
국회도서관|관리관|김광진,135512
교육부강원대학교|부총장|최황규,135103
국회|국회의원|신동근,134428
대통령비서실|민정비서관|윤장석,133985
대구광역시동구|구청장|강대식,133529
충청남도의회|의원|김기영,133383
충청남도의회|의원|오배근,133212
국민권익위원회|상임위원|박창수,133007
전라남도의회|의원|이창호,132581
중앙선거관리위원회|상임위원|진승엽,131855
문화체육관광부예술경영지원센터|대표|김선영,131112
국회|국회의원|황희,127884
충청남도의회|의원|이진환,127846
충청남도의회|의원|이공휘,127493
국회|국회의원|문희상,127065
세종특별자치시의회|의장|고준일,126603
경상남도의회|의원|권유관,125694
경상북도의회|의장|김응규,125181
경기도의회|의원|권태진,124644
강원도의회|의원|최성재,124521
경기도의회|의원|김미리,122248
광주광역시의회|의원|김옥자,122217
전라남도의회|의원|김태균,121280
경기도의회|의원|김준현,118109
광주광역시의회|의원|김영남,117336
전라남도|국제관계대사|김대식,116179
경상북도의회|의원|최태림,116128
경기도의회|의원|장현국,116081
광주광역시의회|의원|조오섭,115435
경기도의회|의원|김주성,115207
충청북도의회|의원|김인수,112904
전라북도임실군|군수|심민,111351
경상북도의회|의원|정영길,110749
사법정책연구원|연구원장|호문혁,110000
국회|국회의원|오영훈,109296
국회|국회의원|송기헌,108096
통일부|통일정책실장|김남중,105251
강원도의회|의원|김용복,103662
서울특별시의회|의원|문형주,103653
중앙선거관리위원회|상임위원|남택융,103430
전라남도의회|의원|이충식,103406
경상남도거창군|군수|양동인,101735
강원도의회|의원|정재웅,98797
경기도의회|의원|김종찬,98515
경기도의회|의원|정진선,97600
강원도의회|의원|오원일,94143
충청북도의회|의원|박병진,91482
충청남도의회|의원|김연,89903
부산광역시의회|의원|김남희,89702
경기도의회|의원|임채호,87663
경기도의회|의원|오완석,86054
충청남도의회|의원|류병국,85885
제주특별자치도의회|의원|강경식,84597
경상북도의회|의원|김정숙,82087
광주광역시의회|의원|김용집,81739
세종특별자치시의회|의원|이태환,79384
광주광역시의회|의원|반재신,77484
제주특별자치도의회|의원|강성균,73016
전라남도의회|의원|문행주,71143
세종특별자치시의회|의원|김복렬,70976
서울특별시의회|의원|김경자_,70198
서울특별시의회|의원|허기회,68369
충청북도의회|의원|박우양,68325
의장비서실|정무수석비서관|이승천,66129
서울특별시의회|의원|김기만,65349
강원도홍천군|군수|노승락,63017
강원도의회|의장|김동일,62254
충청남도서천군|군수|노박래,62141
세종특별자치시의회|의원|박영송,62122
광주광역시의회|의원|임택,60664
서울특별시의회|의원|장인홍,60429
경기도시흥시|시장|김윤식,59714
충청북도의회|의원|김영주,59519
국회|국회의원|김중로,57072
서울특별시의회|의원|이순자,55541
전라북도의회|의원|박재만,54867
제주특별자치도의회|의원|현정화,54790
인천광역시의회|의원|김종인,53333
전라북도부안군|군수|김종규,51670
경기도의회|의원|이나영,48823
부산광역시의회|의원|박중묵,47518
방송통신위원회한국방송광고진흥공사|감사|강태진,45227
산업통상자원부한국지역난방공사|상임감사위원|최회원,41603
전라남도의회|의원|박금래,39905
경기도의회|의원|곽미숙,39071
강원도의회|의원|김연동,39000
대통령비서실|문화체육비서관|이형환,38653
경상남도의회|의원|하선영,38466
전라북도의회|의원|한완수,38114
국회|국회의원|김수민,36060
경상남도의회|의원|이갑재,35956
서울특별시의회|의원|이윤희,35749
부산광역시의회|의원|강성태,31095
부산광역시의회|의원|전진영,29371
제주특별자치도의회|의원|윤춘광,28447
인천광역시의회|의원|손철운,25941
강원도속초시|시장|이병선,22379
전라남도의회|의원|서일용,20859
방송통신위원회시청자미디어재단|이사장|이석우,20161
광주광역시의회|의원|문상필,20146
경기도의회|의원|박승원,20088
부산광역시의회|의원|권오성,11201
경기도의회|의원|지미연,6988
충청남도의회|의원|김용필,5782
대구광역시의회|의원|강신혁,5635
서울특별시의회|의원|오봉수,5535
경기도의회|의원|김치백,4682
서울특별시의회|의원|맹진영,-1004
충청남도의회|의원|조치연,-5991
경찰청충북지방경찰청|청장|박재진,-8380
전라북도무주군|군수|황정수,-9048
대통령비서실|연설기록비서관|최진웅,-9336
인천광역시의회|의원|김금용,-9458
인사혁신처|차장|박제국,-9833
제주특별자치도의회|의원|좌남수,-15379
경기도의회|의원|남경순,-16461
전라북도의회|의원|조병서,-18293
경상북도의회|의원|황재철,-30258
부산광역시기장군|군수|오규석,-32877
서울특별시의회|의원|남재경,-37055
방송통신위원회|상임위원|김석진,-37634
울산광역시의회|의원|정치락,-40393
충청남도의회|의원|조이환,-42766
경기도의회|의원|김승남,-45686
대구광역시의회|의원|최인철,-46171
국회|국회의원|김한표,-47623
전라북도의회|의원|백경태,-50146
서울특별시의회|의원|박호근,-50682
감사원|감사위원|최재해,-52425
광주광역시의회|의원|김보현,-56802
국회사무처|관리관|구병회,-59165
중앙선거관리위원회|상임위원|정훈교,-62471
경상남도교육청|교육감|박종훈,-69139
전라북도진안군|군수|이항로,-88086
경상북도의회|의원|박성만,-120183
경상남도의회|의원|심정태,-124526
행정자치부|지방재정세제실장|김현기,-171717
세종특별자치시의회|의원|윤형권,-250601
대검찰청광주고등검찰청|검사장|오세인,-302313
제주특별자치도의회|의원|김천문,-391477
서울특별시|시장|박원순,-559832
경상북도의회|의원|장영석,-708645
통일부통일교육원|원장|이금순,-771344
미래창조과학부한국과학기술정보연구원|원장|한선화,-993541
국회|국회의원|진선미,-1427653
경상북도울릉군|군수|최수일,-2519157
경상북도영양군|군수|권영택,-5982849
